Company,Job Title,Application Link,Date Applied,Status,Questions Answered
Woven by Toyota,"Senior Machine Learning Engineer, Autolabeling",https://jobs.lever.co/woven-by-toyota/0da237aa-d218-4a5e-9bb1-3e2157c5961a/apply?source=LinkedInhttps://jobs.lever.co/concurrency/b6883eea-f36f-4082-b184-58395b433e0e/apply?source=LinkedIn,2025-02-27 04:42:17,Failed,"{'Are you open to a hybrid schedule, based in the SF Bay Area?': 'Not Answered', 'Are you authorized to work in the United States?': 'Not Answered', 'Describe your experience with Python and which libraries you use during your day to day': 'Not Answered', 'Describe your experience with Azure and which features you have worked with professionally': 'Not Answered', 'Describe your experience with OOP best practices': 'Not Answered', 'Please let us know which state you reside in.': 'Not Answered', 'Required sponsorship for employment visa status': 'Not Answered', 'By submitting your application you agree to the handling of your personal data as described in the applicant privacy notice: https://woven.toyota/en/applicant-privacy-notice✱': 'Not Answered', 'What gender do you identify as?': 'Male', 'Do you consider yourself a member of the Lesbian, Gay, Bisexual and/or Transgender, Queer and Questioning (LGBTQ) community?': 'No', 'Do you identify as a Protected Veteran defined as one of the following: Disabled veteran; Recently separated veteran; Active wartime or campaign badge veteran; Armed Forces service medal veteran?': 'I decline to answer', 'Woven by Toyota conducts a thorough pre-employment background check as a condition of employment. This check may include verification of your education, employment history, criminal history, and any other relevant information. If you accept an offer of employment, you consent to this background check and acknowledge that any employment offer is contingent upon satisfactory results': 'Not Answered', 'Please review and acknowledge you read and understood the non-disclosure agreement at the following link: https://woven.toyota/en/careers/nda/': 'Not Answered'}"
Woven by Toyota,"Senior Machine Learning Engineer, Autolabeling",https://jobs.lever.co/woven-by-toyota/0da237aa-d218-4a5e-9bb1-3e2157c5961a/apply?source=LinkedInhttps://jobs.lever.co/concurrency/b6883eea-f36f-4082-b184-58395b433e0e/apply?source=LinkedIn,2025-02-27 05:16:37,Failed,"{'Are you open to a hybrid schedule, based in the SF Bay Area?': 'Not Answered', 'Are you authorized to work in the United States?': 'Not Answered', 'Describe your experience with Python and which libraries you use during your day to day': 'Not Answered', 'Describe your experience with Azure and which features you have worked with professionally': 'Not Answered', 'Describe your experience with OOP best practices': 'Not Answered', 'Please let us know which state you reside in.': 'Not Answered', 'Required sponsorship for employment visa status': 'Not Answered', 'By submitting your application you agree to the handling of your personal data as described in the applicant privacy notice: https://woven.toyota/en/applicant-privacy-notice✱': 'Not Answered', 'What gender do you identify as?': 'Male', 'Do you consider yourself a member of the Lesbian, Gay, Bisexual and/or Transgender, Queer and Questioning (LGBTQ) community?': 'No', 'Do you identify as a Protected Veteran defined as one of the following: Disabled veteran; Recently separated veteran; Active wartime or campaign badge veteran; Armed Forces service medal veteran?': 'I decline to answer', 'Woven by Toyota conducts a thorough pre-employment background check as a condition of employment. This check may include verification of your education, employment history, criminal history, and any other relevant information. If you accept an offer of employment, you consent to this background check and acknowledge that any employment offer is contingent upon satisfactory results': 'Not Answered', 'Please review and acknowledge you read and understood the non-disclosure agreement at the following link: https://woven.toyota/en/careers/nda/': 'Not Answered'}"
Unknown Company,Founding AI Engineer,https://jobs.lever.co/menlovc/2a6345ea-3b7a-4371-be09-4ce647036233,2025-02-27 05:18:34,Failed,{}
Woven by Toyota,"Senior Machine Learning Engineer, Autolabeling",https://jobs.lever.co/woven-by-toyota/0da237aa-d218-4a5e-9bb1-3e2157c5961a/apply?source=LinkedIn,2025-02-27 05:21:25,Failed,"{'Are you open to a hybrid schedule, based in the SF Bay Area?': 'Not Answered', 'Are you authorized to work in the United States?': 'Not Answered', 'Describe your experience with Python and which libraries you use during your day to day': 'Not Answered', 'Describe your experience with Azure and which features you have worked with professionally': 'Not Answered', 'Describe your experience with OOP best practices': 'Not Answered', 'Please let us know which state you reside in.': 'Not Answered', 'Required sponsorship for employment visa status': 'Not Answered', 'By submitting your application you agree to the handling of your personal data as described in the applicant privacy notice: https://woven.toyota/en/applicant-privacy-notice✱': 'Not Answered', 'What gender do you identify as?': 'Male', 'Do you consider yourself a member of the Lesbian, Gay, Bisexual and/or Transgender, Queer and Questioning (LGBTQ) community?': 'No', 'Do you identify as a Protected Veteran defined as one of the following: Disabled veteran; Recently separated veteran; Active wartime or campaign badge veteran; Armed Forces service medal veteran?': 'I decline to answer', 'Woven by Toyota conducts a thorough pre-employment background check as a condition of employment. This check may include verification of your education, employment history, criminal history, and any other relevant information. If you accept an offer of employment, you consent to this background check and acknowledge that any employment offer is contingent upon satisfactory results': 'Not Answered', 'Please review and acknowledge you read and understood the non-disclosure agreement at the following link: https://woven.toyota/en/careers/nda/': 'Not Answered'}"
Woven by Toyota,"Senior Machine Learning Engineer, Autolabeling",https://jobs.lever.co/woven-by-toyota/0da237aa-d218-4a5e-9bb1-3e2157c5961a/apply?source=LinkedInhttps://jobs.lever.co/concurrency/b6883eea-f36f-4082-b184-58395b433e0e/apply?source=LinkedIn,2025-02-27 05:28:08,Failed,"{'Are you open to a hybrid schedule, based in the SF Bay Area?': 'Not Answered', 'Are you authorized to work in the United States?': 'Not Answered', 'Describe your experience with Python and which libraries you use during your day to day': 'Not Answered', 'Describe your experience with Azure and which features you have worked with professionally': 'Not Answered', 'Describe your experience with OOP best practices': 'Not Answered', 'Please let us know which state you reside in.': 'Not Answered', 'Required sponsorship for employment visa status': 'Not Answered', 'By submitting your application you agree to the handling of your personal data as described in the applicant privacy notice: https://woven.toyota/en/applicant-privacy-notice✱': 'Not Answered', 'What gender do you identify as?': 'Male', 'Do you consider yourself a member of the Lesbian, Gay, Bisexual and/or Transgender, Queer and Questioning (LGBTQ) community?': 'No', 'Do you identify as a Protected Veteran defined as one of the following: Disabled veteran; Recently separated veteran; Active wartime or campaign badge veteran; Armed Forces service medal veteran?': 'I decline to answer', 'Woven by Toyota conducts a thorough pre-employment background check as a condition of employment. This check may include verification of your education, employment history, criminal history, and any other relevant information. If you accept an offer of employment, you consent to this background check and acknowledge that any employment offer is contingent upon satisfactory results': 'I acknowledge', 'Please review and acknowledge you read and understood the non-disclosure agreement at the following link: https://woven.toyota/en/careers/nda/': 'Not Answered'}"
Woven by Toyota,"Senior Machine Learning Engineer, Autolabeling",https://jobs.lever.co/woven-by-toyota/0da237aa-d218-4a5e-9bb1-3e2157c5961a/apply?source=LinkedInhttps://jobs.lever.co/concurrency/b6883eea-f36f-4082-b184-58395b433e0e/apply?source=LinkedIn,2025-02-27 20:50:15,Failed,"{'Are you open to a hybrid schedule, based in the SF Bay Area?': 'Not Answered', 'Are you authorized to work in the United States?': 'Not Answered', 'Describe your experience with Python and which libraries you use during your day to day': 'Not Answered', 'Describe your experience with Azure and which features you have worked with professionally': 'Not Answered', 'Describe your experience with OOP best practices': 'Not Answered', 'Please let us know which state you reside in.': 'Not Answered', 'Required sponsorship for employment visa status': 'Not Answered', 'By submitting your application you agree to the handling of your personal data as described in the applicant privacy notice: https://woven.toyota/en/applicant-privacy-notice✱': 'Not Answered', 'What gender do you identify as?': 'Male', 'Do you consider yourself a member of the Lesbian, Gay, Bisexual and/or Transgender, Queer and Questioning (LGBTQ) community?': 'No', 'Do you identify as a Protected Veteran defined as one of the following: Disabled veteran; Recently separated veteran; Active wartime or campaign badge veteran; Armed Forces service medal veteran?': 'I decline to answer', 'Woven by Toyota conducts a thorough pre-employment background check as a condition of employment. This check may include verification of your education, employment history, criminal history, and any other relevant information. If you accept an offer of employment, you consent to this background check and acknowledge that any employment offer is contingent upon satisfactory results': 'Not Answered', 'Please review and acknowledge you read and understood the non-disclosure agreement at the following link: https://woven.toyota/en/careers/nda/': 'Not Answered'}"
Woven by Toyota,"Senior Machine Learning Engineer, Autolabeling",https://jobs.lever.co/woven-by-toyota/0da237aa-d218-4a5e-9bb1-3e2157c5961a/apply?source=LinkedInhttps://jobs.lever.co/concurrency/b6883eea-f36f-4082-b184-58395b433e0e/apply?source=LinkedIn,2025-02-27 21:25:41,Failed,"{'Are you open to a hybrid schedule, based in the SF Bay Area?': 'Not Answered', 'Are you authorized to work in the United States?': 'Not Answered', 'Describe your experience with Python and which libraries you use during your day to day': 'Not Answered', 'Describe your experience with Azure and which features you have worked with professionally': 'Not Answered', 'Describe your experience with OOP best practices': 'Not Answered', 'Please let us know which state you reside in.': 'Not Answered', 'Required sponsorship for employment visa status': 'Not Answered', 'By submitting your application you agree to the handling of your personal data as described in the applicant privacy notice: https://woven.toyota/en/applicant-privacy-notice✱': 'Not Answered', 'What gender do you identify as?': 'Male', 'Do you consider yourself a member of the Lesbian, Gay, Bisexual and/or Transgender, Queer and Questioning (LGBTQ) community?': 'No', 'Do you identify as a Protected Veteran defined as one of the following: Disabled veteran; Recently separated veteran; Active wartime or campaign badge veteran; Armed Forces service medal veteran?': 'I decline to answer', 'Woven by Toyota conducts a thorough pre-employment background check as a condition of employment. This check may include verification of your education, employment history, criminal history, and any other relevant information. If you accept an offer of employment, you consent to this background check and acknowledge that any employment offer is contingent upon satisfactory results': 'Not Answered', 'Please review and acknowledge you read and understood the non-disclosure agreement at the following link: https://woven.toyota/en/careers/nda/': 'Not Answered', 'Woven by Toyota conducts a thorough pre-employment background check as a condition of employment. This check may include verification of your education, employment history, criminal history, and any other relevant information. If you accept an offer of employment, you consent to this background check and acknowledge that any employment offer is contingent upon satisfactory results.': 'I acknowledge'}"
Woven by Toyota,"Senior Machine Learning Engineer, Autolabeling",https://jobs.lever.co/woven-by-toyota/0da237aa-d218-4a5e-9bb1-3e2157c5961a/apply?source=LinkedInhttps://jobs.lever.co/concurrency/b6883eea-f36f-4082-b184-58395b433e0e/apply?source=LinkedIn,2025-02-27 23:22:03,Failed,"{'Are you open to a hybrid schedule, based in the SF Bay Area?': 'Not Answered', 'Are you authorized to work in the United States?': 'Not Answered', 'Describe your experience with Python and which libraries you use during your day to day': 'Not Answered', 'Describe your experience with Azure and which features you have worked with professionally': 'Not Answered', 'Describe your experience with OOP best practices': 'Not Answered', 'Please let us know which state you reside in.': 'Not Answered', 'Required sponsorship for employment visa status': 'Not Answered', 'By submitting your application you agree to the handling of your personal data as described in the applicant privacy notice: https://woven.toyota/en/applicant-privacy-notice✱': 'Not Answered', 'What gender do you identify as?': 'Not Answered', 'Do you consider yourself a member of the Lesbian, Gay, Bisexual and/or Transgender, Queer and Questioning (LGBTQ) community?': 'Not Answered', 'Do you identify as a Protected Veteran defined as one of the following: Disabled veteran; Recently separated veteran; Active wartime or campaign badge veteran; Armed Forces service medal veteran?': 'Not Answered', 'Woven by Toyota conducts a thorough pre-employment background check as a condition of employment. This check may include verification of your education, employment history, criminal history, and any other relevant information. If you accept an offer of employment, you consent to this background check and acknowledge that any employment offer is contingent upon satisfactory results': 'Not Answered', 'Please review and acknowledge you read and understood the non-disclosure agreement at the following link: https://woven.toyota/en/careers/nda/': 'Not Answered', 'Woven by Toyota conducts a thorough pre-employment background check as a condition of employment. This check may include verification of your education, employment history, criminal history, and any other relevant information. If you accept an offer of employment, you consent to this background check and acknowledge that any employment offer is contingent upon satisfactory results.': 'Not Answered'}"
Woven by Toyota,"Senior Machine Learning Engineer, Autolabeling",https://jobs.lever.co/woven-by-toyota/0da237aa-d218-4a5e-9bb1-3e2157c5961a/apply?source=LinkedInhttps://jobs.lever.co/concurrency/b6883eea-f36f-4082-b184-58395b433e0e/apply?source=LinkedIn,2025-02-27 23:23:12,Failed,"{'Are you open to a hybrid schedule, based in the SF Bay Area?': 'Not Answered', 'Are you authorized to work in the United States?': 'Not Answered', 'Describe your experience with Python and which libraries you use during your day to day': 'Not Answered', 'Describe your experience with Azure and which features you have worked with professionally': 'Not Answered', 'Describe your experience with OOP best practices': 'Not Answered', 'Please let us know which state you reside in.': 'Not Answered', 'Required sponsorship for employment visa status': 'Not Answered', 'By submitting your application you agree to the handling of your personal data as described in the applicant privacy notice: https://woven.toyota/en/applicant-privacy-notice✱': 'Not Answered', 'What gender do you identify as?': 'Not Answered', 'Do you consider yourself a member of the Lesbian, Gay, Bisexual and/or Transgender, Queer and Questioning (LGBTQ) community?': 'Not Answered', 'Do you identify as a Protected Veteran defined as one of the following: Disabled veteran; Recently separated veteran; Active wartime or campaign badge veteran; Armed Forces service medal veteran?': 'Not Answered', 'Woven by Toyota conducts a thorough pre-employment background check as a condition of employment. This check may include verification of your education, employment history, criminal history, and any other relevant information. If you accept an offer of employment, you consent to this background check and acknowledge that any employment offer is contingent upon satisfactory results': 'Not Answered', 'Please review and acknowledge you read and understood the non-disclosure agreement at the following link: https://woven.toyota/en/careers/nda/': 'Not Answered', 'Woven by Toyota conducts a thorough pre-employment background check as a condition of employment. This check may include verification of your education, employment history, criminal history, and any other relevant information. If you accept an offer of employment, you consent to this background check and acknowledge that any employment offer is contingent upon satisfactory results.': 'Not Answered'}"
Woven by Toyota,"Senior Machine Learning Engineer, Autolabeling",https://jobs.lever.co/woven-by-toyota/0da237aa-d218-4a5e-9bb1-3e2157c5961a/apply?source=LinkedInhttps://jobs.lever.co/concurrency/b6883eea-f36f-4082-b184-58395b433e0e/apply?source=LinkedIn,2025-02-27 23:56:07,Failed,"{'Are you open to a hybrid schedule, based in the SF Bay Area?': 'Not Answered', 'Are you authorized to work in the United States?': 'Not Answered', 'Describe your experience with Python and which libraries you use during your day to day': 'Not Answered', 'Describe your experience with Azure and which features you have worked with professionally': 'Not Answered', 'Describe your experience with OOP best practices': 'Not Answered', 'Please let us know which state you reside in.': 'Not Answered', 'Required sponsorship for employment visa status': 'Not Answered', 'By submitting your application you agree to the handling of your personal data as described in the applicant privacy notice: https://woven.toyota/en/applicant-privacy-notice✱': 'Not Answered', 'What gender do you identify as?': 'Male', 'Do you consider yourself a member of the Lesbian, Gay, Bisexual and/or Transgender, Queer and Questioning (LGBTQ) community?': 'No', 'Do you identify as a Protected Veteran defined as one of the following: Disabled veteran; Recently separated veteran; Active wartime or campaign badge veteran; Armed Forces service medal veteran?': 'I decline to answer', 'Woven by Toyota conducts a thorough pre-employment background check as a condition of employment. This check may include verification of your education, employment history, criminal history, and any other relevant information. If you accept an offer of employment, you consent to this background check and acknowledge that any employment offer is contingent upon satisfactory results': 'Not Answered', 'Please review and acknowledge you read and understood the non-disclosure agreement at the following link: https://woven.toyota/en/careers/nda/': 'Not Answered', 'Woven by Toyota conducts a thorough pre-employment background check as a condition of employment. This check may include verification of your education, employment history, criminal history, and any other relevant information. If you accept an offer of employment, you consent to this background check and acknowledge that any employment offer is contingent upon satisfactory results.': 'Not Answered'}"
Woven by Toyota,"Senior Machine Learning Engineer, Autolabeling",https://jobs.lever.co/woven-by-toyota/0da237aa-d218-4a5e-9bb1-3e2157c5961a/apply?source=LinkedInhttps://jobs.lever.co/concurrency/b6883eea-f36f-4082-b184-58395b433e0e/apply?source=LinkedIn,2025-02-28 00:02:11,Failed,"{'Are you open to a hybrid schedule, based in the SF Bay Area?': 'Not Answered', 'Are you authorized to work in the United States?': 'Not Answered', 'Describe your experience with Python and which libraries you use during your day to day': 'Not Answered', 'Describe your experience with Azure and which features you have worked with professionally': 'Not Answered', 'Describe your experience with OOP best practices': 'Not Answered', 'Please let us know which state you reside in.': 'Not Answered', 'Required sponsorship for employment visa status': 'Not Answered', 'By submitting your application you agree to the handling of your personal data as described in the applicant privacy notice: https://woven.toyota/en/applicant-privacy-notice✱': 'Not Answered', 'What gender do you identify as?': 'Male', 'Do you consider yourself a member of the Lesbian, Gay, Bisexual and/or Transgender, Queer and Questioning (LGBTQ) community?': 'No', 'Do you identify as a Protected Veteran defined as one of the following: Disabled veteran; Recently separated veteran; Active wartime or campaign badge veteran; Armed Forces service medal veteran?': 'I decline to answer', 'Woven by Toyota conducts a thorough pre-employment background check as a condition of employment. This check may include verification of your education, employment history, criminal history, and any other relevant information. If you accept an offer of employment, you consent to this background check and acknowledge that any employment offer is contingent upon satisfactory results': 'Not Answered', 'Please review and acknowledge you read and understood the non-disclosure agreement at the following link: https://woven.toyota/en/careers/nda/': 'Not Answered', 'Woven by Toyota conducts a thorough pre-employment background check as a condition of employment. This check may include verification of your education, employment history, criminal history, and any other relevant information. If you accept an offer of employment, you consent to this background check and acknowledge that any employment offer is contingent upon satisfactory results.': 'Not Answered'}"
Woven by Toyota,"Senior Machine Learning Engineer, Autolabeling",https://jobs.lever.co/woven-by-toyota/0da237aa-d218-4a5e-9bb1-3e2157c5961a/apply?source=LinkedInhttps://jobs.lever.co/concurrency/b6883eea-f36f-4082-b184-58395b433e0e/apply?source=LinkedIn,2025-02-28 01:20:02,Failed,"{'Are you open to a hybrid schedule, based in the SF Bay Area?': 'Not Answered', 'Are you authorized to work in the United States?': 'Not Answered', 'Describe your experience with Python and which libraries you use during your day to day': 'Not Answered', 'Describe your experience with Azure and which features you have worked with professionally': 'Not Answered', 'Describe your experience with OOP best practices': 'Not Answered', 'Please let us know which state you reside in.': 'Not Answered', 'Required sponsorship for employment visa status': 'Not Answered', 'By submitting your application you agree to the handling of your personal data as described in the applicant privacy notice: https://woven.toyota/en/applicant-privacy-notice✱': 'Not Answered', 'What gender do you identify as?': 'Male', 'Do you consider yourself a member of the Lesbian, Gay, Bisexual and/or Transgender, Queer and Questioning (LGBTQ) community?': 'No', 'Do you identify as a Protected Veteran defined as one of the following: Disabled veteran; Recently separated veteran; Active wartime or campaign badge veteran; Armed Forces service medal veteran?': 'I decline to answer', 'Woven by Toyota conducts a thorough pre-employment background check as a condition of employment. This check may include verification of your education, employment history, criminal history, and any other relevant information. If you accept an offer of employment, you consent to this background check and acknowledge that any employment offer is contingent upon satisfactory results': 'Not Answered', 'Please review and acknowledge you read and understood the non-disclosure agreement at the following link: https://woven.toyota/en/careers/nda/': 'Not Answered', 'Woven by Toyota conducts a thorough pre-employment background check as a condition of employment. This check may include verification of your education, employment history, criminal history, and any other relevant information. If you accept an offer of employment, you consent to this background check and acknowledge that any employment offer is contingent upon satisfactory results.': 'Not Answered'}"
Unknown Company,Founding AI Engineer,https://jobs.lever.co/menlovc/2a6345ea-3b7a-4371-be09-4ce647036233,2025-02-28 01:23:34,Failed,"{'Are you open to a hybrid schedule, based in the SF Bay Area?': 'Yes', 'Are you authorized to work in the United States?': 'No', 'Describe your experience with Python and which libraries you use during your day to day': 'Not Answered', 'Describe your experience with Azure and which features you have worked with professionally': 'Not Answered', 'Describe your experience with OOP best practices': 'Not Answered', 'Please let us know which state you reside in.': 'Not Answered', 'Required sponsorship for employment visa status': 'Not Answered', 'By submitting your application you agree to the handling of your personal data as described in the applicant privacy notice: https://woven.toyota/en/applicant-privacy-notice✱': 'Not Answered', 'What gender do you identify as?': 'Not Answered', 'Do you consider yourself a member of the Lesbian, Gay, Bisexual and/or Transgender, Queer and Questioning (LGBTQ) community?': 'Not Answered', 'Do you identify as a Protected Veteran defined as one of the following: Disabled veteran; Recently separated veteran; Active wartime or campaign badge veteran; Armed Forces service medal veteran?': 'Not Answered', 'Woven by Toyota conducts a thorough pre-employment background check as a condition of employment. This check may include verification of your education, employment history, criminal history, and any other relevant information. If you accept an offer of employment, you consent to this background check and acknowledge that any employment offer is contingent upon satisfactory results': 'Not Answered', 'Please review and acknowledge you read and understood the non-disclosure agreement at the following link: https://woven.toyota/en/careers/nda/': 'Not Answered', 'Woven by Toyota conducts a thorough pre-employment background check as a condition of employment. This check may include verification of your education, employment history, criminal history, and any other relevant information. If you accept an offer of employment, you consent to this background check and acknowledge that any employment offer is contingent upon satisfactory results.': 'Not Answered'}"
Woven by Toyota,"Senior Machine Learning Engineer, Autolabeling",https://jobs.lever.co/woven-by-toyota/0da237aa-d218-4a5e-9bb1-3e2157c5961a/apply?source=LinkedInhttps://jobs.lever.co/concurrency/b6883eea-f36f-4082-b184-58395b433e0e/apply?source=LinkedIn,2025-02-28 01:27:40,Failed,"{'Are you open to a hybrid schedule, based in the SF Bay Area?': 'Not Answered', 'Are you authorized to work in the United States?': 'Not Answered', 'Describe your experience with Python and which libraries you use during your day to day': 'Not Answered', 'Describe your experience with Azure and which features you have worked with professionally': 'Not Answered', 'Describe your experience with OOP best practices': 'Not Answered', 'Please let us know which state you reside in.': 'Not Answered', 'Required sponsorship for employment visa status': 'Not Answered', 'By submitting your application you agree to the handling of your personal data as described in the applicant privacy notice: https://woven.toyota/en/applicant-privacy-notice✱': 'Not Answered', 'What gender do you identify as?': 'Male', 'Do you consider yourself a member of the Lesbian, Gay, Bisexual and/or Transgender, Queer and Questioning (LGBTQ) community?': 'No', 'Do you identify as a Protected Veteran defined as one of the following: Disabled veteran; Recently separated veteran; Active wartime or campaign badge veteran; Armed Forces service medal veteran?': 'I decline to answer', 'Woven by Toyota conducts a thorough pre-employment background check as a condition of employment. This check may include verification of your education, employment history, criminal history, and any other relevant information. If you accept an offer of employment, you consent to this background check and acknowledge that any employment offer is contingent upon satisfactory results': 'Not Answered', 'Please review and acknowledge you read and understood the non-disclosure agreement at the following link: https://woven.toyota/en/careers/nda/': 'Not Answered', 'Woven by Toyota conducts a thorough pre-employment background check as a condition of employment. This check may include verification of your education, employment history, criminal history, and any other relevant information. If you accept an offer of employment, you consent to this background check and acknowledge that any employment offer is contingent upon satisfactory results.': 'Not Answered'}"
Unknown Company,Founding AI Engineer,https://jobs.lever.co/menlovc/2a6345ea-3b7a-4371-be09-4ce647036233,2025-02-28 01:31:08,Failed,"{'Are you open to a hybrid schedule, based in the SF Bay Area?': 'Yes', 'Are you authorized to work in the United States?': 'No', 'Describe your experience with Python and which libraries you use during your day to day': 'Not Answered', 'Describe your experience with Azure and which features you have worked with professionally': 'Not Answered', 'Describe your experience with OOP best practices': 'Not Answered', 'Please let us know which state you reside in.': 'Not Answered', 'Required sponsorship for employment visa status': 'Not Answered', 'By submitting your application you agree to the handling of your personal data as described in the applicant privacy notice: https://woven.toyota/en/applicant-privacy-notice✱': 'Not Answered', 'What gender do you identify as?': 'Not Answered', 'Do you consider yourself a member of the Lesbian, Gay, Bisexual and/or Transgender, Queer and Questioning (LGBTQ) community?': 'Not Answered', 'Do you identify as a Protected Veteran defined as one of the following: Disabled veteran; Recently separated veteran; Active wartime or campaign badge veteran; Armed Forces service medal veteran?': 'Not Answered', 'Woven by Toyota conducts a thorough pre-employment background check as a condition of employment. This check may include verification of your education, employment history, criminal history, and any other relevant information. If you accept an offer of employment, you consent to this background check and acknowledge that any employment offer is contingent upon satisfactory results': 'Not Answered', 'Please review and acknowledge you read and understood the non-disclosure agreement at the following link: https://woven.toyota/en/careers/nda/': 'Not Answered', 'Woven by Toyota conducts a thorough pre-employment background check as a condition of employment. This check may include verification of your education, employment history, criminal history, and any other relevant information. If you accept an offer of employment, you consent to this background check and acknowledge that any employment offer is contingent upon satisfactory results.': 'Not Answered'}"
Woven by Toyota,"Senior Machine Learning Engineer, Autolabeling",https://jobs.lever.co/woven-by-toyota/0da237aa-d218-4a5e-9bb1-3e2157c5961a/apply?source=LinkedInhttps://jobs.lever.co/concurrency/b6883eea-f36f-4082-b184-58395b433e0e/apply?source=LinkedIn,2025-02-28 01:38:51,Failed,"{'Are you open to a hybrid schedule, based in the SF Bay Area?': 'Not Answered', 'Are you authorized to work in the United States?': 'Not Answered', 'Describe your experience with Python and which libraries you use during your day to day': 'Not Answered', 'Describe your experience with Azure and which features you have worked with professionally': 'Not Answered', 'Describe your experience with OOP best practices': 'Not Answered', 'Please let us know which state you reside in.': 'Not Answered', 'Required sponsorship for employment visa status': 'Not Answered', 'By submitting your application you agree to the handling of your personal data as described in the applicant privacy notice: https://woven.toyota/en/applicant-privacy-notice✱': 'Not Answered', 'What gender do you identify as?': 'Male', 'Do you consider yourself a member of the Lesbian, Gay, Bisexual and/or Transgender, Queer and Questioning (LGBTQ) community?': 'No', 'Do you identify as a Protected Veteran defined as one of the following: Disabled veteran; Recently separated veteran; Active wartime or campaign badge veteran; Armed Forces service medal veteran?': 'I decline to answer', 'Woven by Toyota conducts a thorough pre-employment background check as a condition of employment. This check may include verification of your education, employment history, criminal history, and any other relevant information. If you accept an offer of employment, you consent to this background check and acknowledge that any employment offer is contingent upon satisfactory results': 'Not Answered', 'Please review and acknowledge you read and understood the non-disclosure agreement at the following link: https://woven.toyota/en/careers/nda/': 'Not Answered', 'Woven by Toyota conducts a thorough pre-employment background check as a condition of employment. This check may include verification of your education, employment history, criminal history, and any other relevant information. If you accept an offer of employment, you consent to this background check and acknowledge that any employment offer is contingent upon satisfactory results.': 'Not Answered'}"
Unknown Company,Founding AI Engineer,https://jobs.lever.co/menlovc/2a6345ea-3b7a-4371-be09-4ce647036233,2025-02-28 01:42:06,Failed,"{'Are you open to a hybrid schedule, based in the SF Bay Area?': 'Yes', 'Are you authorized to work in the United States?': 'No', 'Describe your experience with Python and which libraries you use during your day to day': 'Not Answered', 'Describe your experience with Azure and which features you have worked with professionally': 'Not Answered', 'Describe your experience with OOP best practices': 'Not Answered', 'Please let us know which state you reside in.': 'Not Answered', 'Required sponsorship for employment visa status': 'Not Answered', 'By submitting your application you agree to the handling of your personal data as described in the applicant privacy notice: https://woven.toyota/en/applicant-privacy-notice✱': 'Not Answered', 'What gender do you identify as?': 'Not Answered', 'Do you consider yourself a member of the Lesbian, Gay, Bisexual and/or Transgender, Queer and Questioning (LGBTQ) community?': 'Not Answered', 'Do you identify as a Protected Veteran defined as one of the following: Disabled veteran; Recently separated veteran; Active wartime or campaign badge veteran; Armed Forces service medal veteran?': 'Not Answered', 'Woven by Toyota conducts a thorough pre-employment background check as a condition of employment. This check may include verification of your education, employment history, criminal history, and any other relevant information. If you accept an offer of employment, you consent to this background check and acknowledge that any employment offer is contingent upon satisfactory results': 'Not Answered', 'Please review and acknowledge you read and understood the non-disclosure agreement at the following link: https://woven.toyota/en/careers/nda/': 'Not Answered', 'Woven by Toyota conducts a thorough pre-employment background check as a condition of employment. This check may include verification of your education, employment history, criminal history, and any other relevant information. If you accept an offer of employment, you consent to this background check and acknowledge that any employment offer is contingent upon satisfactory results.': 'Not Answered'}"
Woven by Toyota,"Senior Machine Learning Engineer, Autolabeling",https://jobs.lever.co/woven-by-toyota/0da237aa-d218-4a5e-9bb1-3e2157c5961a/apply?source=LinkedIn,2025-02-28 01:44:51,Failed,"{'Are you open to a hybrid schedule, based in the SF Bay Area?': 'Not Answered', 'Are you authorized to work in the United States?': 'Not Answered', 'Describe your experience with Python and which libraries you use during your day to day': 'Not Answered', 'Describe your experience with Azure and which features you have worked with professionally': 'Not Answered', 'Describe your experience with OOP best practices': 'Not Answered', 'Please let us know which state you reside in.': 'Not Answered', 'Required sponsorship for employment visa status': 'Not Answered', 'By submitting your application you agree to the handling of your personal data as described in the applicant privacy notice: https://woven.toyota/en/applicant-privacy-notice✱': 'Not Answered', 'What gender do you identify as?': 'Male', 'Do you consider yourself a member of the Lesbian, Gay, Bisexual and/or Transgender, Queer and Questioning (LGBTQ) community?': 'No', 'Do you identify as a Protected Veteran defined as one of the following: Disabled veteran; Recently separated veteran; Active wartime or campaign badge veteran; Armed Forces service medal veteran?': 'I decline to answer', 'Woven by Toyota conducts a thorough pre-employment background check as a condition of employment. This check may include verification of your education, employment history, criminal history, and any other relevant information. If you accept an offer of employment, you consent to this background check and acknowledge that any employment offer is contingent upon satisfactory results': 'Not Answered', 'Please review and acknowledge you read and understood the non-disclosure agreement at the following link: https://woven.toyota/en/careers/nda/': 'Not Answered', 'Woven by Toyota conducts a thorough pre-employment background check as a condition of employment. This check may include verification of your education, employment history, criminal history, and any other relevant information. If you accept an offer of employment, you consent to this background check and acknowledge that any employment offer is contingent upon satisfactory results.': 'Not Answered'}"
Concurrency,Senior Machine Learning Engineer,https://jobs.lever.co/concurrency/b6883eea-f36f-4082-b184-58395b433e0e/apply?source=LinkedIn,2025-02-28 01:47:41,Failed,"{'Are you open to a hybrid schedule, based in the SF Bay Area?': 'Not Answered', 'Are you authorized to work in the United States?': 'Not Answered', 'Describe your experience with Python and which libraries you use during your day to day': 'I have 6 months of experience with Python. I frequently use libraries like Pandas, NumPy, and Matplotlib for data analysis and visualization.', 'Describe your experience with Azure and which features you have worked with professionally': 'I have 4 years of experience working with Microsoft Azure. I have extensively used Azure Virtual Machines, Azure Storage, Azure SQL Database, and Azure Kubernetes Service (AKS). I have also worked with Azure DevOps for CI/CD pipelines and Azure Monitor for logging and monitoring.', 'Describe your experience with OOP best practices': 'I have extensive experience with Object-Oriented Programming (OOP) best practices. I follow principles such as SOLID (Single Responsibility, Open/Closed, Liskov Substitution, Interface Segregation, and Dependency Inversion) to write clean, maintainable, and scalable code. I also use design patterns like Singleton, Factory, and Observer to solve common problems. Additionally, I ensure proper encapsulation, inheritance, and polymorphism in my code to improve reusability and readability.', 'Please let us know which state you reside in.': 'California ', 'Required sponsorship for employment visa status': 'No', 'By submitting your application you agree to the handling of your personal data as described in the applicant privacy notice: https://woven.toyota/en/applicant-privacy-notice✱': 'Not Answered', 'What gender do you identify as?': 'Not Answered', 'Do you consider yourself a member of the Lesbian, Gay, Bisexual and/or Transgender, Queer and Questioning (LGBTQ) community?': 'Not Answered', 'Do you identify as a Protected Veteran defined as one of the following: Disabled veteran; Recently separated veteran; Active wartime or campaign badge veteran; Armed Forces service medal veteran?': 'Not Answered', 'Woven by Toyota conducts a thorough pre-employment background check as a condition of employment. This check may include verification of your education, employment history, criminal history, and any other relevant information. If you accept an offer of employment, you consent to this background check and acknowledge that any employment offer is contingent upon satisfactory results': 'Not Answered', 'Please review and acknowledge you read and understood the non-disclosure agreement at the following link: https://woven.toyota/en/careers/nda/': 'Not Answered', 'Woven by Toyota conducts a thorough pre-employment background check as a condition of employment. This check may include verification of your education, employment history, criminal history, and any other relevant information. If you accept an offer of employment, you consent to this background check and acknowledge that any employment offer is contingent upon satisfactory results.': 'Not Answered'}"
Woven by Toyota,"Senior Machine Learning Engineer, Autolabeling",https://jobs.lever.co/woven-by-toyota/0da237aa-d218-4a5e-9bb1-3e2157c5961a/apply?source=LinkedInhttps://jobs.lever.co/concurrency/b6883eea-f36f-4082-b184-58395b433e0e/apply?source=LinkedIn,2025-02-28 02:00:44,Failed,"{'Woven by Toyota conducts a thorough pre-employment background check as a condition of employment. This check may include verification of your education, employment history, criminal history, and any other relevant information. If you accept an offer of employment, you consent to this background check and acknowledge that any employment offer is contingent upon satisfactory results.': 'I acknowledge', 'Please review and acknowledge you read and understood the non-disclosure agreement at the following link: https://woven.toyota/en/careers/nda/': 'I acknowledge', 'What gender do you identify as?': 'Male', 'Do you consider yourself a member of the Lesbian, Gay, Bisexual and/or Transgender, Queer and Questioning (LGBTQ) community?': 'No', 'Do you identify as a Protected Veteran defined as one of the following: Disabled veteran; Recently separated veteran; Active wartime or campaign badge veteran; Armed Forces service medal veteran?': 'I decline to answer'}"
Unknown Company,Founding AI Engineer,https://jobs.lever.co/menlovc/2a6345ea-3b7a-4371-be09-4ce647036233,2025-02-28 02:01:46,Failed,{}
Woven by Toyota,"Senior Machine Learning Engineer, Autolabeling",https://jobs.lever.co/woven-by-toyota/0da237aa-d218-4a5e-9bb1-3e2157c5961a/apply?source=LinkedIn,2025-02-28 02:02:48,Failed,"{'Woven by Toyota conducts a thorough pre-employment background check as a condition of employment. This check may include verification of your education, employment history, criminal history, and any other relevant information. If you accept an offer of employment, you consent to this background check and acknowledge that any employment offer is contingent upon satisfactory results.': 'I acknowledge', 'Please review and acknowledge you read and understood the non-disclosure agreement at the following link: https://woven.toyota/en/careers/nda/': 'I acknowledge', 'What gender do you identify as?': 'Male', 'Do you consider yourself a member of the Lesbian, Gay, Bisexual and/or Transgender, Queer and Questioning (LGBTQ) community?': 'No', 'Do you identify as a Protected Veteran defined as one of the following: Disabled veteran; Recently separated veteran; Active wartime or campaign badge veteran; Armed Forces service medal veteran?': 'I decline to answer'}"
Concurrency,Senior Machine Learning Engineer,https://jobs.lever.co/concurrency/b6883eea-f36f-4082-b184-58395b433e0e/apply?source=LinkedIn,2025-02-28 02:04:01,Failed,{}
Federato,Senior Machine Learning Engineer,https://jobs.lever.co/Federato/7ca318a4-1da1-4f79-ad80-7e65b51aa11b/apply?source=LinkedIn,2025-02-28 02:05:12,Failed,{}
Gridmatic,AI Research Scientist,https://jobs.lever.co/gridmatic/91df21b7-9d76-47a1-a88e-35801f801d98?source=LinkedIn,2025-02-28 02:06:50,Failed,{}
Woven by Toyota,"Senior Machine Learning Engineer, Autolabeling",https://jobs.lever.co/woven-by-toyota/0da237aa-d218-4a5e-9bb1-3e2157c5961a/apply?source=LinkedInhttps://jobs.lever.co/concurrency/b6883eea-f36f-4082-b184-58395b433e0e/apply?source=LinkedIn,2025-02-28 02:12:17,Failed,"{'Woven by Toyota conducts a thorough pre-employment background check as a condition of employment. This check may include verification of your education, employment history, criminal history, and any other relevant information. If you accept an offer of employment, you consent to this background check and acknowledge that any employment offer is contingent upon satisfactory results.': 'I acknowledge', 'Please review and acknowledge you read and understood the non-disclosure agreement at the following link: https://woven.toyota/en/careers/nda/': 'I acknowledge', 'What gender do you identify as?': 'Male', 'Do you consider yourself a member of the Lesbian, Gay, Bisexual and/or Transgender, Queer and Questioning (LGBTQ) community?': 'No', 'Do you identify as a Protected Veteran defined as one of the following: Disabled veteran; Recently separated veteran; Active wartime or campaign badge veteran; Armed Forces service medal veteran?': 'I decline to answer'}"
Woven by Toyota,"Senior Machine Learning Engineer, Autolabeling",https://jobs.lever.co/woven-by-toyota/0da237aa-d218-4a5e-9bb1-3e2157c5961a/apply?source=LinkedInhttps://jobs.lever.co/concurrency/b6883eea-f36f-4082-b184-58395b433e0e/apply?source=LinkedIn,2025-02-28 02:13:46,Failed,"{'Woven by Toyota conducts a thorough pre-employment background check as a condition of employment. This check may include verification of your education, employment history, criminal history, and any other relevant information. If you accept an offer of employment, you consent to this background check and acknowledge that any employment offer is contingent upon satisfactory results.': 'I acknowledge', 'Please review and acknowledge you read and understood the non-disclosure agreement at the following link: https://woven.toyota/en/careers/nda/': 'I acknowledge', 'What gender do you identify as?': 'Male', 'Do you consider yourself a member of the Lesbian, Gay, Bisexual and/or Transgender, Queer and Questioning (LGBTQ) community?': 'No', 'Do you identify as a Protected Veteran defined as one of the following: Disabled veteran; Recently separated veteran; Active wartime or campaign badge veteran; Armed Forces service medal veteran?': 'I decline to answer'}"
Woven by Toyota,"Senior Machine Learning Engineer, Autolabeling",https://jobs.lever.co/woven-by-toyota/0da237aa-d218-4a5e-9bb1-3e2157c5961a/apply?source=LinkedInhttps://jobs.lever.co/concurrency/b6883eea-f36f-4082-b184-58395b433e0e/apply?source=LinkedIn,2025-02-28 02:36:24,Failed,"{'Woven by Toyota conducts a thorough pre-employment background check as a condition of employment. This check may include verification of your education, employment history, criminal history, and any other relevant information. If you accept an offer of employment, you consent to this background check and acknowledge that any employment offer is contingent upon satisfactory results.': 'I acknowledge', 'Please review and acknowledge you read and understood the non-disclosure agreement at the following link: https://woven.toyota/en/careers/nda/': 'I acknowledge', 'What gender do you identify as?': 'Male', 'Do you consider yourself a member of the Lesbian, Gay, Bisexual and/or Transgender, Queer and Questioning (LGBTQ) community?': 'No', 'Do you identify as a Protected Veteran defined as one of the following: Disabled veteran; Recently separated veteran; Active wartime or campaign badge veteran; Armed Forces service medal veteran?': 'I decline to answer'}"
Unknown Company,Founding AI Engineer,https://jobs.lever.co/menlovc/2a6345ea-3b7a-4371-be09-4ce647036233,2025-02-28 02:37:33,Failed,{}
Woven by Toyota,"Senior Machine Learning Engineer, Autolabeling",https://jobs.lever.co/woven-by-toyota/0da237aa-d218-4a5e-9bb1-3e2157c5961a/apply?source=LinkedIn,2025-02-28 02:38:37,Failed,"{'Woven by Toyota conducts a thorough pre-employment background check as a condition of employment. This check may include verification of your education, employment history, criminal history, and any other relevant information. If you accept an offer of employment, you consent to this background check and acknowledge that any employment offer is contingent upon satisfactory results.': 'I acknowledge', 'Please review and acknowledge you read and understood the non-disclosure agreement at the following link: https://woven.toyota/en/careers/nda/': 'I acknowledge', 'What gender do you identify as?': 'Male', 'Do you consider yourself a member of the Lesbian, Gay, Bisexual and/or Transgender, Queer and Questioning (LGBTQ) community?': 'No', 'Do you identify as a Protected Veteran defined as one of the following: Disabled veteran; Recently separated veteran; Active wartime or campaign badge veteran; Armed Forces service medal veteran?': 'I decline to answer'}"
Concurrency,Senior Machine Learning Engineer,https://jobs.lever.co/concurrency/b6883eea-f36f-4082-b184-58395b433e0e/apply?source=LinkedIn,2025-02-28 02:39:40,Failed,{}
Woven by Toyota,"Senior Machine Learning Engineer, Autolabeling",https://jobs.lever.co/woven-by-toyota/0da237aa-d218-4a5e-9bb1-3e2157c5961a/apply?source=LinkedInhttps://jobs.lever.co/concurrency/b6883eea-f36f-4082-b184-58395b433e0e/apply?source=LinkedIn,2025-02-28 02:43:49,Failed,"{'Woven by Toyota conducts a thorough pre-employment background check as a condition of employment. This check may include verification of your education, employment history, criminal history, and any other relevant information. If you accept an offer of employment, you consent to this background check and acknowledge that any employment offer is contingent upon satisfactory results.': 'I acknowledge', 'Please review and acknowledge you read and understood the non-disclosure agreement at the following link: https://woven.toyota/en/careers/nda/': 'I acknowledge', 'What gender do you identify as?': 'Male', 'Do you consider yourself a member of the Lesbian, Gay, Bisexual and/or Transgender, Queer and Questioning (LGBTQ) community?': 'No', 'Do you identify as a Protected Veteran defined as one of the following: Disabled veteran; Recently separated veteran; Active wartime or campaign badge veteran; Armed Forces service medal veteran?': 'I decline to answer'}"
Unknown Company,Founding AI Engineer,https://jobs.lever.co/menlovc/2a6345ea-3b7a-4371-be09-4ce647036233,2025-02-28 02:45:37,Failed,{}
Woven by Toyota,"Senior Machine Learning Engineer, Autolabeling",https://jobs.lever.co/woven-by-toyota/0da237aa-d218-4a5e-9bb1-3e2157c5961a/apply?source=LinkedInhttps://jobs.lever.co/concurrency/b6883eea-f36f-4082-b184-58395b433e0e/apply?source=LinkedIn,2025-02-28 03:15:59,Failed,"{'Are you open to a hybrid schedule, based in the SF Bay Area?': 'Not Answered', 'Are you authorized to work in the United States?': 'Not Answered', 'Describe your experience with Python and which libraries you use during your day to day': 'Not Answered', 'Describe your experience with Azure and which features you have worked with professionally': 'Not Answered', 'Describe your experience with OOP best practices': 'Not Answered', 'Please let us know which state you reside in.': 'Not Answered', 'Required sponsorship for employment visa status': 'Not Answered', 'By submitting your application you agree to the handling of your personal data as described in the applicant privacy notice: https://woven.toyota/en/applicant-privacy-notice*': 'Not Answered', 'What gender do you identify as?': 'Male', 'Do you consider yourself a member of the Lesbian, Gay, Bisexual and/or Transgender, Queer and Questioning (LGBTQ) community?': 'No', 'Do you identify as a Protected Veteran defined as one of the following: Disabled veteran; Recently separated veteran; Active wartime or campaign badge veteran; Armed Forces service medal veteran?': 'I decline to answer', 'Woven by Toyota conducts a thorough pre-employment background check as a condition of employment. This check may include verification of your education, employment history, criminal history, and any other relevant information. If you accept an offer of employment, you consent to this background check and acknowledge that any employment offer is contingent upon satisfactory results': 'Not Answered', 'Please review and acknowledge you read and understood the non-disclosure agreement at the following link: https://woven.toyota/en/careers/nda/': 'Not Answered', 'Woven by Toyota conducts a thorough pre-employment background check as a condition of employment. This check may include verification of your education, employment history, criminal history, and any other relevant information. If you accept an offer of employment, you consent to this background check and acknowledge that any employment offer is contingent upon satisfactory results.': 'Not Answered'}"
Unknown Company,Founding AI Engineer,https://jobs.lever.co/menlovc/2a6345ea-3b7a-4371-be09-4ce647036233,2025-02-28 03:19:20,Failed,"{'Are you open to a hybrid schedule, based in the SF Bay Area?': 'Yes', 'Are you authorized to work in the United States?': 'No', 'Describe your experience with Python and which libraries you use during your day to day': 'Not Answered', 'Describe your experience with Azure and which features you have worked with professionally': 'Not Answered', 'Describe your experience with OOP best practices': 'Not Answered', 'Please let us know which state you reside in.': 'Not Answered', 'Required sponsorship for employment visa status': 'Not Answered', 'By submitting your application you agree to the handling of your personal data as described in the applicant privacy notice: https://woven.toyota/en/applicant-privacy-notice*': 'Not Answered', 'What gender do you identify as?': 'Not Answered', 'Do you consider yourself a member of the Lesbian, Gay, Bisexual and/or Transgender, Queer and Questioning (LGBTQ) community?': 'Not Answered', 'Do you identify as a Protected Veteran defined as one of the following: Disabled veteran; Recently separated veteran; Active wartime or campaign badge veteran; Armed Forces service medal veteran?': 'Not Answered', 'Woven by Toyota conducts a thorough pre-employment background check as a condition of employment. This check may include verification of your education, employment history, criminal history, and any other relevant information. If you accept an offer of employment, you consent to this background check and acknowledge that any employment offer is contingent upon satisfactory results': 'Not Answered', 'Please review and acknowledge you read and understood the non-disclosure agreement at the following link: https://woven.toyota/en/careers/nda/': 'Not Answered', 'Woven by Toyota conducts a thorough pre-employment background check as a condition of employment. This check may include verification of your education, employment history, criminal history, and any other relevant information. If you accept an offer of employment, you consent to this background check and acknowledge that any employment offer is contingent upon satisfactory results.': 'Not Answered'}"
Woven by Toyota,"Senior Machine Learning Engineer, Autolabeling",https://jobs.lever.co/woven-by-toyota/0da237aa-d218-4a5e-9bb1-3e2157c5961a/apply?source=LinkedInhttps://jobs.lever.co/concurrency/b6883eea-f36f-4082-b184-58395b433e0e/apply?source=LinkedIn,2025-02-28 03:43:41,Failed,"{'Are you open to a hybrid schedule, based in the SF Bay Area?': 'Not Answered', 'Are you authorized to work in the United States?': 'Not Answered', 'Describe your experience with Python and which libraries you use during your day to day': 'Not Answered', 'Describe your experience with Azure and which features you have worked with professionally': 'Not Answered', 'Describe your experience with OOP best practices': 'Not Answered', 'Please let us know which state you reside in.': 'Not Answered', 'Required sponsorship for employment visa status': 'Not Answered', 'By submitting your application you agree to the handling of your personal data as described in the applicant privacy notice: https://woven.toyota/en/applicant-privacy-notice*': 'Not Answered', 'What gender do you identify as?': 'Male', 'Do you consider yourself a member of the Lesbian, Gay, Bisexual and/or Transgender, Queer and Questioning (LGBTQ) community?': 'No', 'Do you identify as a Protected Veteran defined as one of the following: Disabled veteran; Recently separated veteran; Active wartime or campaign badge veteran; Armed Forces service medal veteran?': 'I decline to answer', 'Woven by Toyota conducts a thorough pre-employment background check as a condition of employment. This check may include verification of your education, employment history, criminal history, and any other relevant information. If you accept an offer of employment, you consent to this background check and acknowledge that any employment offer is contingent upon satisfactory results': 'Not Answered', 'Please review and acknowledge you read and understood the non-disclosure agreement at the following link: https://woven.toyota/en/careers/nda/': 'Not Answered', 'Woven by Toyota conducts a thorough pre-employment background check as a condition of employment. This check may include verification of your education, employment history, criminal history, and any other relevant information. If you accept an offer of employment, you consent to this background check and acknowledge that any employment offer is contingent upon satisfactory results.': 'Not Answered'}"
Woven by Toyota,"Senior Machine Learning Engineer, Autolabeling",https://jobs.lever.co/woven-by-toyota/0da237aa-d218-4a5e-9bb1-3e2157c5961a/apply?source=LinkedInhttps://jobs.lever.co/concurrency/b6883eea-f36f-4082-b184-58395b433e0e/apply?source=LinkedIn,2025-02-28 03:46:51,Failed,"{'Are you open to a hybrid schedule, based in the SF Bay Area?': 'Not Answered', 'Are you authorized to work in the United States?': 'Not Answered', 'Describe your experience with Python and which libraries you use during your day to day': 'Not Answered', 'Describe your experience with Azure and which features you have worked with professionally': 'Not Answered', 'Describe your experience with OOP best practices': 'Not Answered', 'Please let us know which state you reside in.': 'Not Answered', 'Required sponsorship for employment visa status': 'Not Answered', 'By submitting your application you agree to the handling of your personal data as described in the applicant privacy notice: https://woven.toyota/en/applicant-privacy-notice*': 'Not Answered', 'What gender do you identify as?': 'Male', 'Do you consider yourself a member of the Lesbian, Gay, Bisexual and/or Transgender, Queer and Questioning (LGBTQ) community?': 'No', 'Do you identify as a Protected Veteran defined as one of the following: Disabled veteran; Recently separated veteran; Active wartime or campaign badge veteran; Armed Forces service medal veteran?': 'I decline to answer', 'Woven by Toyota conducts a thorough pre-employment background check as a condition of employment. This check may include verification of your education, employment history, criminal history, and any other relevant information. If you accept an offer of employment, you consent to this background check and acknowledge that any employment offer is contingent upon satisfactory results': 'Not Answered', 'Please review and acknowledge you read and understood the non-disclosure agreement at the following link: https://woven.toyota/en/careers/nda/': 'Not Answered', 'Woven by Toyota conducts a thorough pre-employment background check as a condition of employment. This check may include verification of your education, employment history, criminal history, and any other relevant information. If you accept an offer of employment, you consent to this background check and acknowledge that any employment offer is contingent upon satisfactory results.': 'Not Answered'}"
Woven by Toyota,"Senior Machine Learning Engineer, Autolabeling",https://jobs.lever.co/woven-by-toyota/0da237aa-d218-4a5e-9bb1-3e2157c5961a/apply?source=LinkedInhttps://jobs.lever.co/concurrency/b6883eea-f36f-4082-b184-58395b433e0e/apply?source=LinkedIn,2025-02-28 03:50:30,Failed,"{'Are you open to a hybrid schedule, based in the SF Bay Area?': 'Not Answered', 'Are you authorized to work in the United States?': 'Not Answered', 'Describe your experience with Python and which libraries you use during your day to day': 'Not Answered', 'Describe your experience with Azure and which features you have worked with professionally': 'Not Answered', 'Describe your experience with OOP best practices': 'Not Answered', 'Please let us know which state you reside in.': 'Not Answered', 'Required sponsorship for employment visa status': 'Not Answered', 'By submitting your application you agree to the handling of your personal data as described in the applicant privacy notice: https://woven.toyota/en/applicant-privacy-notice*': 'Not Answered', 'What gender do you identify as?': 'Male', 'Do you consider yourself a member of the Lesbian, Gay, Bisexual and/or Transgender, Queer and Questioning (LGBTQ) community?': 'No', 'Do you identify as a Protected Veteran defined as one of the following: Disabled veteran; Recently separated veteran; Active wartime or campaign badge veteran; Armed Forces service medal veteran?': 'I decline to answer', 'Woven by Toyota conducts a thorough pre-employment background check as a condition of employment. This check may include verification of your education, employment history, criminal history, and any other relevant information. If you accept an offer of employment, you consent to this background check and acknowledge that any employment offer is contingent upon satisfactory results': 'Not Answered', 'Please review and acknowledge you read and understood the non-disclosure agreement at the following link: https://woven.toyota/en/careers/nda/': 'Not Answered', 'Woven by Toyota conducts a thorough pre-employment background check as a condition of employment. This check may include verification of your education, employment history, criminal history, and any other relevant information. If you accept an offer of employment, you consent to this background check and acknowledge that any employment offer is contingent upon satisfactory results.': 'Not Answered'}"
Woven by Toyota,"Senior Machine Learning Engineer, Autolabeling",https://jobs.lever.co/woven-by-toyota/0da237aa-d218-4a5e-9bb1-3e2157c5961a/apply?source=LinkedInhttps://jobs.lever.co/concurrency/b6883eea-f36f-4082-b184-58395b433e0e/apply?source=LinkedIn,2025-02-28 03:59:28,Failed,"{'Are you open to a hybrid schedule, based in the SF Bay Area?': 'Not Answered', 'Are you authorized to work in the United States?': 'Not Answered', 'Describe your experience with Python and which libraries you use during your day to day': 'Not Answered', 'Describe your experience with Azure and which features you have worked with professionally': 'Not Answered', 'Describe your experience with OOP best practices': 'Not Answered', 'Please let us know which state you reside in.': 'Not Answered', 'Required sponsorship for employment visa status': 'Not Answered', 'By submitting your application you agree to the handling of your personal data as described in the applicant privacy notice: https://woven.toyota/en/applicant-privacy-notice*': 'Not Answered', 'What gender do you identify as?': 'Male', 'Do you consider yourself a member of the Lesbian, Gay, Bisexual and/or Transgender, Queer and Questioning (LGBTQ) community?': 'No', 'Do you identify as a Protected Veteran defined as one of the following: Disabled veteran; Recently separated veteran; Active wartime or campaign badge veteran; Armed Forces service medal veteran?': 'I decline to answer', 'Woven by Toyota conducts a thorough pre-employment background check as a condition of employment. This check may include verification of your education, employment history, criminal history, and any other relevant information. If you accept an offer of employment, you consent to this background check and acknowledge that any employment offer is contingent upon satisfactory results': 'Not Answered', 'Please review and acknowledge you read and understood the non-disclosure agreement at the following link: https://woven.toyota/en/careers/nda/': 'Not Answered', 'Woven by Toyota conducts a thorough pre-employment background check as a condition of employment. This check may include verification of your education, employment history, criminal history, and any other relevant information. If you accept an offer of employment, you consent to this background check and acknowledge that any employment offer is contingent upon satisfactory results.': 'Not Answered'}"
Unknown Company,Founding AI Engineer,https://jobs.lever.co/menlovc/2a6345ea-3b7a-4371-be09-4ce647036233,2025-02-28 04:02:59,Failed,"{'Are you open to a hybrid schedule, based in the SF Bay Area?': 'Yes', 'Are you authorized to work in the United States?': 'No', 'Describe your experience with Python and which libraries you use during your day to day': 'Not Answered', 'Describe your experience with Azure and which features you have worked with professionally': 'Not Answered', 'Describe your experience with OOP best practices': 'Not Answered', 'Please let us know which state you reside in.': 'Not Answered', 'Required sponsorship for employment visa status': 'Not Answered', 'By submitting your application you agree to the handling of your personal data as described in the applicant privacy notice: https://woven.toyota/en/applicant-privacy-notice*': 'Not Answered', 'What gender do you identify as?': 'Not Answered', 'Do you consider yourself a member of the Lesbian, Gay, Bisexual and/or Transgender, Queer and Questioning (LGBTQ) community?': 'Not Answered', 'Do you identify as a Protected Veteran defined as one of the following: Disabled veteran; Recently separated veteran; Active wartime or campaign badge veteran; Armed Forces service medal veteran?': 'Not Answered', 'Woven by Toyota conducts a thorough pre-employment background check as a condition of employment. This check may include verification of your education, employment history, criminal history, and any other relevant information. If you accept an offer of employment, you consent to this background check and acknowledge that any employment offer is contingent upon satisfactory results': 'Not Answered', 'Please review and acknowledge you read and understood the non-disclosure agreement at the following link: https://woven.toyota/en/careers/nda/': 'Not Answered', 'Woven by Toyota conducts a thorough pre-employment background check as a condition of employment. This check may include verification of your education, employment history, criminal history, and any other relevant information. If you accept an offer of employment, you consent to this background check and acknowledge that any employment offer is contingent upon satisfactory results.': 'Not Answered'}"
Woven by Toyota,"Senior Machine Learning Engineer, Autolabeling",https://jobs.lever.co/woven-by-toyota/0da237aa-d218-4a5e-9bb1-3e2157c5961a/apply?source=LinkedIn,2025-02-28 04:05:44,Failed,"{'Are you open to a hybrid schedule, based in the SF Bay Area?': 'Not Answered', 'Are you authorized to work in the United States?': 'Not Answered', 'Describe your experience with Python and which libraries you use during your day to day': 'Not Answered', 'Describe your experience with Azure and which features you have worked with professionally': 'Not Answered', 'Describe your experience with OOP best practices': 'Not Answered', 'Please let us know which state you reside in.': 'Not Answered', 'Required sponsorship for employment visa status': 'Not Answered', 'By submitting your application you agree to the handling of your personal data as described in the applicant privacy notice: https://woven.toyota/en/applicant-privacy-notice*': 'Not Answered', 'What gender do you identify as?': 'Male', 'Do you consider yourself a member of the Lesbian, Gay, Bisexual and/or Transgender, Queer and Questioning (LGBTQ) community?': 'No', 'Do you identify as a Protected Veteran defined as one of the following: Disabled veteran; Recently separated veteran; Active wartime or campaign badge veteran; Armed Forces service medal veteran?': 'I decline to answer', 'Woven by Toyota conducts a thorough pre-employment background check as a condition of employment. This check may include verification of your education, employment history, criminal history, and any other relevant information. If you accept an offer of employment, you consent to this background check and acknowledge that any employment offer is contingent upon satisfactory results': 'Not Answered', 'Please review and acknowledge you read and understood the non-disclosure agreement at the following link: https://woven.toyota/en/careers/nda/': 'Not Answered', 'Woven by Toyota conducts a thorough pre-employment background check as a condition of employment. This check may include verification of your education, employment history, criminal history, and any other relevant information. If you accept an offer of employment, you consent to this background check and acknowledge that any employment offer is contingent upon satisfactory results.': 'Not Answered'}"
Concurrency,Senior Machine Learning Engineer,https://jobs.lever.co/concurrency/b6883eea-f36f-4082-b184-58395b433e0e/apply?source=LinkedIn,2025-02-28 04:08:50,Failed,"{'Are you open to a hybrid schedule, based in the SF Bay Area?': 'Not Answered', 'Are you authorized to work in the United States?': 'Not Answered', 'Describe your experience with Python and which libraries you use during your day to day': 'I have 6 months of experience with Python. I frequently use libraries like Pandas, NumPy, and Matplotlib for data analysis and visualization.', 'Describe your experience with Azure and which features you have worked with professionally': 'I have 4 years of experience working with Microsoft Azure. I have extensively used Azure Virtual Machines, Azure Storage, Azure SQL Database, and Azure Kubernetes Service (AKS). I have also worked with Azure DevOps for CI/CD pipelines and Azure Monitor for logging and monitoring.', 'Describe your experience with OOP best practices': 'I have extensive experience with Object-Oriented Programming (OOP) best practices. I follow principles such as SOLID (Single Responsibility, Open/Closed, Liskov Substitution, Interface Segregation, and Dependency Inversion) to write clean, maintainable, and scalable code. I also use design patterns like Singleton, Factory, and Observer to solve common problems. Additionally, I ensure proper encapsulation, inheritance, and polymorphism in my code to improve reusability and readability.', 'Please let us know which state you reside in.': 'California ', 'Required sponsorship for employment visa status': 'No', 'By submitting your application you agree to the handling of your personal data as described in the applicant privacy notice: https://woven.toyota/en/applicant-privacy-notice*': 'Not Answered', 'What gender do you identify as?': 'Not Answered', 'Do you consider yourself a member of the Lesbian, Gay, Bisexual and/or Transgender, Queer and Questioning (LGBTQ) community?': 'Not Answered', 'Do you identify as a Protected Veteran defined as one of the following: Disabled veteran; Recently separated veteran; Active wartime or campaign badge veteran; Armed Forces service medal veteran?': 'Not Answered', 'Woven by Toyota conducts a thorough pre-employment background check as a condition of employment. This check may include verification of your education, employment history, criminal history, and any other relevant information. If you accept an offer of employment, you consent to this background check and acknowledge that any employment offer is contingent upon satisfactory results': 'Not Answered', 'Please review and acknowledge you read and understood the non-disclosure agreement at the following link: https://woven.toyota/en/careers/nda/': 'Not Answered', 'Woven by Toyota conducts a thorough pre-employment background check as a condition of employment. This check may include verification of your education, employment history, criminal history, and any other relevant information. If you accept an offer of employment, you consent to this background check and acknowledge that any employment offer is contingent upon satisfactory results.': 'Not Answered'}"
Gridmatic,AI Research Scientist,https://jobs.lever.co/gridmatic/91df21b7-9d76-47a1-a88e-35801f801d98?source=LinkedIn,2025-02-28 05:07:34,Failed,"{'Are you open to a hybrid schedule, based in the SF Bay Area?': 'Not Answered', 'Are you authorized to work in the United States?': 'Not Answered', 'Describe your experience with Python and which libraries you use during your day to day': 'Not Answered', 'Describe your experience with Azure and which features you have worked with professionally': 'Not Answered', 'Describe your experience with OOP best practices': 'Not Answered', 'Please let us know which state you reside in.': 'Not Answered', 'Required sponsorship for employment visa status': 'Not Answered', 'By submitting your application you agree to the handling of your personal data as described in the applicant privacy notice: https://woven.toyota/en/applicant-privacy-notice*': 'Not Answered', 'What gender do you identify as?': 'Not Answered', 'Do you consider yourself a member of the Lesbian, Gay, Bisexual and/or Transgender, Queer and Questioning (LGBTQ) community?': 'Not Answered', 'Do you identify as a Protected Veteran defined as one of the following: Disabled veteran; Recently separated veteran; Active wartime or campaign badge veteran; Armed Forces service medal veteran?': 'Not Answered', 'Woven by Toyota conducts a thorough pre-employment background check as a condition of employment. This check may include verification of your education, employment history, criminal history, and any other relevant information. If you accept an offer of employment, you consent to this background check and acknowledge that any employment offer is contingent upon satisfactory results': 'Not Answered', 'Please review and acknowledge you read and understood the non-disclosure agreement at the following link: https://woven.toyota/en/careers/nda/': 'Not Answered', 'Woven by Toyota conducts a thorough pre-employment background check as a condition of employment. This check may include verification of your education, employment history, criminal history, and any other relevant information. If you accept an offer of employment, you consent to this background check and acknowledge that any employment offer is contingent upon satisfactory results.': 'Not Answered'}"
Gridmatic,AI Research Scientist,https://jobs.lever.co/gridmatic/91df21b7-9d76-47a1-a88e-35801f801d98?source=LinkedIn,2025-02-28 05:12:04,Failed,"{'Are you open to a hybrid schedule, based in the SF Bay Area?': 'Not Answered', 'Are you authorized to work in the United States?': 'Not Answered', 'Describe your experience with Python and which libraries you use during your day to day': 'Not Answered', 'Describe your experience with Azure and which features you have worked with professionally': 'Not Answered', 'Describe your experience with OOP best practices': 'Not Answered', 'Please let us know which state you reside in.': 'Not Answered', 'Required sponsorship for employment visa status': 'Not Answered', 'By submitting your application you agree to the handling of your personal data as described in the applicant privacy notice: https://woven.toyota/en/applicant-privacy-notice*': 'Not Answered', 'What gender do you identify as?': 'Not Answered', 'Do you consider yourself a member of the Lesbian, Gay, Bisexual and/or Transgender, Queer and Questioning (LGBTQ) community?': 'Not Answered', 'Do you identify as a Protected Veteran defined as one of the following: Disabled veteran; Recently separated veteran; Active wartime or campaign badge veteran; Armed Forces service medal veteran?': 'Not Answered', 'Woven by Toyota conducts a thorough pre-employment background check as a condition of employment. This check may include verification of your education, employment history, criminal history, and any other relevant information. If you accept an offer of employment, you consent to this background check and acknowledge that any employment offer is contingent upon satisfactory results': 'Not Answered', 'Please review and acknowledge you read and understood the non-disclosure agreement at the following link: https://woven.toyota/en/careers/nda/': 'Not Answered', 'Woven by Toyota conducts a thorough pre-employment background check as a condition of employment. This check may include verification of your education, employment history, criminal history, and any other relevant information. If you accept an offer of employment, you consent to this background check and acknowledge that any employment offer is contingent upon satisfactory results.': 'Not Answered', 'This role requires candidates to be in our Cupertino offices 50% of the time. Are you able to meet that requirement?': 'No', 'Are you currently eligible to work in the USA?': 'Yes', 'Will you now, or in the future, require sponsorship (i.e. H-1B visa, etc.) to legally work in the U.S.?': 'Yes'}"
Gridmatic,AI Research Scientist,https://jobs.lever.co/gridmatic/91df21b7-9d76-47a1-a88e-35801f801d98?source=LinkedIn,2025-02-28 05:21:30,Failed,{}
Gridmatic,AI Research Scientist,https://jobs.lever.co/gridmatic/91df21b7-9d76-47a1-a88e-35801f801d98?source=LinkedIn,2025-02-28 05:24:14,Failed,{}
Woven by Toyota,"Senior Machine Learning Engineer, Autolabeling",https://jobs.lever.co/woven-by-toyota/0da237aa-d218-4a5e-9bb1-3e2157c5961a/apply?source=LinkedInhttps://jobs.lever.co/concurrency/b6883eea-f36f-4082-b184-58395b433e0e/apply?source=LinkedIn,2025-02-28 05:25:32,Failed,{}
Gridmatic,AI Research Scientist,https://jobs.lever.co/gridmatic/91df21b7-9d76-47a1-a88e-35801f801d98?source=LinkedIn,2025-02-28 05:27:56,Failed,{}
Gridmatic,AI Research Scientist,https://jobs.lever.co/gridmatic/91df21b7-9d76-47a1-a88e-35801f801d98?source=LinkedIn,2025-02-28 20:54:57,Failed,"{'Are you open to a hybrid schedule, based in the SF Bay Area?': 'Not Answered', 'Are you authorized to work in the United States?': 'Not Answered', 'Describe your experience with Python and which libraries you use during your day to day': 'Not Answered', 'Describe your experience with Azure and which features you have worked with professionally': 'Not Answered', 'Describe your experience with OOP best practices': 'Not Answered', 'Please let us know which state you reside in.': 'Not Answered', 'Required sponsorship for employment visa status': 'Not Answered', 'By submitting your application you agree to the handling of your personal data as described in the applicant privacy notice: https://woven.toyota/en/applicant-privacy-notice*': 'Not Answered', 'What gender do you identify as?': 'Not Answered', 'Do you consider yourself a member of the Lesbian, Gay, Bisexual and/or Transgender, Queer and Questioning (LGBTQ) community?': 'Not Answered', 'Do you identify as a Protected Veteran defined as one of the following: Disabled veteran; Recently separated veteran; Active wartime or campaign badge veteran; Armed Forces service medal veteran?': 'Not Answered', 'Woven by Toyota conducts a thorough pre-employment background check as a condition of employment. This check may include verification of your education, employment history, criminal history, and any other relevant information. If you accept an offer of employment, you consent to this background check and acknowledge that any employment offer is contingent upon satisfactory results': 'Not Answered', 'Please review and acknowledge you read and understood the non-disclosure agreement at the following link: https://woven.toyota/en/careers/nda/': 'Not Answered', 'Woven by Toyota conducts a thorough pre-employment background check as a condition of employment. This check may include verification of your education, employment history, criminal history, and any other relevant information. If you accept an offer of employment, you consent to this background check and acknowledge that any employment offer is contingent upon satisfactory results.': 'Not Answered', 'This role requires candidates to be in our Cupertino offices 50% of the time. Are you able to meet that requirement?✱': 'Not Answered', 'Are you currently eligible to work in the USA?': 'Yes', 'Will you now, or in the future, require sponsorship (i.e. H-1B visa, etc.) to legally work in the U.S.?✱': 'Not Answered'}"
Woven by Toyota,"Senior Machine Learning Engineer, Autolabeling",https://jobs.lever.co/woven-by-toyota/0da237aa-d218-4a5e-9bb1-3e2157c5961a/apply?source=LinkedInhttps://jobs.lever.co/concurrency/b6883eea-f36f-4082-b184-58395b433e0e/apply?source=LinkedIn,2025-02-28 20:58:22,Failed,"{'Are you open to a hybrid schedule, based in the SF Bay Area?': 'Not Answered', 'Are you authorized to work in the United States?': 'Not Answered', 'Describe your experience with Python and which libraries you use during your day to day': 'Not Answered', 'Describe your experience with Azure and which features you have worked with professionally': 'Not Answered', 'Describe your experience with OOP best practices': 'Not Answered', 'Please let us know which state you reside in.': 'Not Answered', 'Required sponsorship for employment visa status': 'Not Answered', 'By submitting your application you agree to the handling of your personal data as described in the applicant privacy notice: https://woven.toyota/en/applicant-privacy-notice*': 'Not Answered', 'What gender do you identify as?': 'Male', 'Do you consider yourself a member of the Lesbian, Gay, Bisexual and/or Transgender, Queer and Questioning (LGBTQ) community?': 'No', 'Do you identify as a Protected Veteran defined as one of the following: Disabled veteran; Recently separated veteran; Active wartime or campaign badge veteran; Armed Forces service medal veteran?': 'I decline to answer', 'Woven by Toyota conducts a thorough pre-employment background check as a condition of employment. This check may include verification of your education, employment history, criminal history, and any other relevant information. If you accept an offer of employment, you consent to this background check and acknowledge that any employment offer is contingent upon satisfactory results': 'Not Answered', 'Please review and acknowledge you read and understood the non-disclosure agreement at the following link: https://woven.toyota/en/careers/nda/': 'Not Answered', 'Woven by Toyota conducts a thorough pre-employment background check as a condition of employment. This check may include verification of your education, employment history, criminal history, and any other relevant information. If you accept an offer of employment, you consent to this background check and acknowledge that any employment offer is contingent upon satisfactory results.': 'Not Answered', 'This role requires candidates to be in our Cupertino offices 50% of the time. Are you able to meet that requirement?✱': 'Not Answered', 'Are you currently eligible to work in the USA?': 'Not Answered', 'Will you now, or in the future, require sponsorship (i.e. H-1B visa, etc.) to legally work in the U.S.?✱': 'Not Answered'}"
Unknown Company,Founding AI Engineer,https://jobs.lever.co/menlovc/2a6345ea-3b7a-4371-be09-4ce647036233,2025-02-28 21:03:02,Failed,"{'Are you open to a hybrid schedule, based in the SF Bay Area?': 'Yes', 'Are you authorized to work in the United States?': 'No', 'Describe your experience with Python and which libraries you use during your day to day': 'Not Answered', 'Describe your experience with Azure and which features you have worked with professionally': 'Not Answered', 'Describe your experience with OOP best practices': 'Not Answered', 'Please let us know which state you reside in.': 'Not Answered', 'Required sponsorship for employment visa status': 'Not Answered', 'By submitting your application you agree to the handling of your personal data as described in the applicant privacy notice: https://woven.toyota/en/applicant-privacy-notice*': 'Not Answered', 'What gender do you identify as?': 'Not Answered', 'Do you consider yourself a member of the Lesbian, Gay, Bisexual and/or Transgender, Queer and Questioning (LGBTQ) community?': 'Not Answered', 'Do you identify as a Protected Veteran defined as one of the following: Disabled veteran; Recently separated veteran; Active wartime or campaign badge veteran; Armed Forces service medal veteran?': 'Not Answered', 'Woven by Toyota conducts a thorough pre-employment background check as a condition of employment. This check may include verification of your education, employment history, criminal history, and any other relevant information. If you accept an offer of employment, you consent to this background check and acknowledge that any employment offer is contingent upon satisfactory results': 'Not Answered', 'Please review and acknowledge you read and understood the non-disclosure agreement at the following link: https://woven.toyota/en/careers/nda/': 'Not Answered', 'Woven by Toyota conducts a thorough pre-employment background check as a condition of employment. This check may include verification of your education, employment history, criminal history, and any other relevant information. If you accept an offer of employment, you consent to this background check and acknowledge that any employment offer is contingent upon satisfactory results.': 'Not Answered', 'This role requires candidates to be in our Cupertino offices 50% of the time. Are you able to meet that requirement?✱': 'Not Answered', 'Are you currently eligible to work in the USA?': 'Not Answered', 'Will you now, or in the future, require sponsorship (i.e. H-1B visa, etc.) to legally work in the U.S.?✱': 'Not Answered'}"
Woven by Toyota,"Senior Machine Learning Engineer, Autolabeling",https://jobs.lever.co/woven-by-toyota/0da237aa-d218-4a5e-9bb1-3e2157c5961a/apply?source=LinkedIn,2025-02-28 21:06:18,Failed,"{'Are you open to a hybrid schedule, based in the SF Bay Area?': 'Not Answered', 'Are you authorized to work in the United States?': 'Not Answered', 'Describe your experience with Python and which libraries you use during your day to day': 'Not Answered', 'Describe your experience with Azure and which features you have worked with professionally': 'Not Answered', 'Describe your experience with OOP best practices': 'Not Answered', 'Please let us know which state you reside in.': 'Not Answered', 'Required sponsorship for employment visa status': 'Not Answered', 'By submitting your application you agree to the handling of your personal data as described in the applicant privacy notice: https://woven.toyota/en/applicant-privacy-notice*': 'Not Answered', 'What gender do you identify as?': 'Male', 'Do you consider yourself a member of the Lesbian, Gay, Bisexual and/or Transgender, Queer and Questioning (LGBTQ) community?': 'No', 'Do you identify as a Protected Veteran defined as one of the following: Disabled veteran; Recently separated veteran; Active wartime or campaign badge veteran; Armed Forces service medal veteran?': 'I decline to answer', 'Woven by Toyota conducts a thorough pre-employment background check as a condition of employment. This check may include verification of your education, employment history, criminal history, and any other relevant information. If you accept an offer of employment, you consent to this background check and acknowledge that any employment offer is contingent upon satisfactory results': 'Not Answered', 'Please review and acknowledge you read and understood the non-disclosure agreement at the following link: https://woven.toyota/en/careers/nda/': 'Not Answered', 'Woven by Toyota conducts a thorough pre-employment background check as a condition of employment. This check may include verification of your education, employment history, criminal history, and any other relevant information. If you accept an offer of employment, you consent to this background check and acknowledge that any employment offer is contingent upon satisfactory results.': 'Not Answered', 'This role requires candidates to be in our Cupertino offices 50% of the time. Are you able to meet that requirement?✱': 'Not Answered', 'Are you currently eligible to work in the USA?': 'Not Answered', 'Will you now, or in the future, require sponsorship (i.e. H-1B visa, etc.) to legally work in the U.S.?✱': 'Not Answered'}"
Concurrency,Senior Machine Learning Engineer,https://jobs.lever.co/concurrency/b6883eea-f36f-4082-b184-58395b433e0e/apply?source=LinkedIn,2025-02-28 21:09:57,Failed,"{'Are you open to a hybrid schedule, based in the SF Bay Area?': 'Not Answered', 'Are you authorized to work in the United States?': 'Not Answered', 'Describe your experience with Python and which libraries you use during your day to day': 'I have 6 months of experience with Python. I frequently use libraries like Pandas, NumPy, and Matplotlib for data analysis and visualization.', 'Describe your experience with Azure and which features you have worked with professionally': 'I have 4 years of experience working with Microsoft Azure. I have extensively used Azure Virtual Machines, Azure Storage, Azure SQL Database, and Azure Kubernetes Service (AKS). I have also worked with Azure DevOps for CI/CD pipelines and Azure Monitor for logging and monitoring.', 'Describe your experience with OOP best practices': 'I have extensive experience with Object-Oriented Programming (OOP) best practices. I follow principles such as SOLID (Single Responsibility, Open/Closed, Liskov Substitution, Interface Segregation, and Dependency Inversion) to write clean, maintainable, and scalable code. I also use design patterns like Singleton, Factory, and Observer to solve common problems. Additionally, I ensure proper encapsulation, inheritance, and polymorphism in my code to improve reusability and readability.', 'Please let us know which state you reside in.': 'California ', 'Required sponsorship for employment visa status': 'No', 'By submitting your application you agree to the handling of your personal data as described in the applicant privacy notice: https://woven.toyota/en/applicant-privacy-notice*': 'Not Answered', 'What gender do you identify as?': 'Not Answered', 'Do you consider yourself a member of the Lesbian, Gay, Bisexual and/or Transgender, Queer and Questioning (LGBTQ) community?': 'Not Answered', 'Do you identify as a Protected Veteran defined as one of the following: Disabled veteran; Recently separated veteran; Active wartime or campaign badge veteran; Armed Forces service medal veteran?': 'Not Answered', 'Woven by Toyota conducts a thorough pre-employment background check as a condition of employment. This check may include verification of your education, employment history, criminal history, and any other relevant information. If you accept an offer of employment, you consent to this background check and acknowledge that any employment offer is contingent upon satisfactory results': 'Not Answered', 'Please review and acknowledge you read and understood the non-disclosure agreement at the following link: https://woven.toyota/en/careers/nda/': 'Not Answered', 'Woven by Toyota conducts a thorough pre-employment background check as a condition of employment. This check may include verification of your education, employment history, criminal history, and any other relevant information. If you accept an offer of employment, you consent to this background check and acknowledge that any employment offer is contingent upon satisfactory results.': 'Not Answered', 'This role requires candidates to be in our Cupertino offices 50% of the time. Are you able to meet that requirement?✱': 'Not Answered', 'Are you currently eligible to work in the USA?': 'Not Answered', 'Will you now, or in the future, require sponsorship (i.e. H-1B visa, etc.) to legally work in the U.S.?✱': 'Not Answered'}"
Gridmatic,AI Research Scientist,https://jobs.lever.co/gridmatic/91df21b7-9d76-47a1-a88e-35801f801d98?source=LinkedIn,2025-02-28 21:15:06,Failed,{}
Woven by Toyota,"Senior Machine Learning Engineer, Autolabeling",https://jobs.lever.co/woven-by-toyota/0da237aa-d218-4a5e-9bb1-3e2157c5961a/apply?source=LinkedInhttps://jobs.lever.co/concurrency/b6883eea-f36f-4082-b184-58395b433e0e/apply?source=LinkedIn,2025-02-28 21:16:10,Failed,{}
Unknown Company,Founding AI Engineer,https://jobs.lever.co/menlovc/2a6345ea-3b7a-4371-be09-4ce647036233,2025-02-28 21:17:16,Failed,{}
Gridmatic,AI Research Scientist,https://jobs.lever.co/gridmatic/91df21b7-9d76-47a1-a88e-35801f801d98?source=LinkedIn,2025-02-28 22:12:26,Failed,{}
Gridmatic,AI Research Scientist,https://jobs.lever.co/gridmatic/91df21b7-9d76-47a1-a88e-35801f801d98?source=LinkedIn,2025-02-28 23:00:14,Unknown,{}
Gridmatic,AI Research Scientist,https://jobs.lever.co/gridmatic/91df21b7-9d76-47a1-a88e-35801f801d98?source=LinkedIn,2025-02-28 23:15:40,Unknown,{}
Woven by Toyota,"Senior Machine Learning Engineer, Autolabeling",https://jobs.lever.co/woven-by-toyota/0da237aa-d218-4a5e-9bb1-3e2157c5961a/apply?source=LinkedInhttps://jobs.lever.co/concurrency/b6883eea-f36f-4082-b184-58395b433e0e/apply?source=LinkedIn,2025-02-28 23:16:58,Unknown,{}
Unknown Company,Founding AI Engineer,https://jobs.lever.co/menlovc/2a6345ea-3b7a-4371-be09-4ce647036233,2025-02-28 23:18:16,Unknown,{}
Gridmatic,AI Research Scientist,https://jobs.lever.co/gridmatic/91df21b7-9d76-47a1-a88e-35801f801d98?source=LinkedIn,2025-02-28 23:30:51,Unknown,{}
Gridmatic,AI Research Scientist,https://jobs.lever.co/gridmatic/91df21b7-9d76-47a1-a88e-35801f801d98?source=LinkedIn,2025-02-28 23:40:50,Unknown,{}
Gridmatic,AI Research Scientist,https://jobs.lever.co/gridmatic/91df21b7-9d76-47a1-a88e-35801f801d98?source=LinkedIn,2025-03-01 00:21:54,Failed,"{'Are you open to a hybrid schedule, based in the SF Bay Area?': 'Not Answered', 'Are you authorized to work in the United States?': 'Not Answered', 'Describe your experience with Python and which libraries you use during your day to day': 'Not Answered', 'Describe your experience with Azure and which features you have worked with professionally': 'Not Answered', 'Describe your experience with OOP best practices': 'Not Answered', 'Please let us know which state you reside in.': 'Not Answered', 'Required sponsorship for employment visa status': 'Not Answered', 'By submitting your application you agree to the handling of your personal data as described in the applicant privacy notice: https://woven.toyota/en/applicant-privacy-notice*': 'Not Answered', 'What gender do you identify as?': 'Not Answered', 'Do you consider yourself a member of the Lesbian, Gay, Bisexual and/or Transgender, Queer and Questioning (LGBTQ) community?': 'Not Answered', 'Do you identify as a Protected Veteran defined as one of the following: Disabled veteran; Recently separated veteran; Active wartime or campaign badge veteran; Armed Forces service medal veteran?': 'Not Answered', 'Woven by Toyota conducts a thorough pre-employment background check as a condition of employment. This check may include verification of your education, employment history, criminal history, and any other relevant information. If you accept an offer of employment, you consent to this background check and acknowledge that any employment offer is contingent upon satisfactory results': 'Not Answered', 'Please review and acknowledge you read and understood the non-disclosure agreement at the following link: https://woven.toyota/en/careers/nda/': 'Not Answered', 'Woven by Toyota conducts a thorough pre-employment background check as a condition of employment. This check may include verification of your education, employment history, criminal history, and any other relevant information. If you accept an offer of employment, you consent to this background check and acknowledge that any employment offer is contingent upon satisfactory results.': 'Not Answered', 'This role requires candidates to be in our Cupertino offices 50% of the time. Are you able to meet that requirement?✱': 'Not Answered', 'Are you currently eligible to work in the USA?': 'Yes', 'Will you now, or in the future, require sponsorship (i.e. H-1B visa, etc.) to legally work in the U.S.?✱': 'Not Answered'}"
Gridmatic,AI Research Scientist,https://jobs.lever.co/gridmatic/91df21b7-9d76-47a1-a88e-35801f801d98?source=LinkedIn,2025-03-01 00:26:14,Failed,"{'Are you open to a hybrid schedule, based in the SF Bay Area?': 'Not Answered', 'Are you authorized to work in the United States?': 'Not Answered', 'Describe your experience with Python and which libraries you use during your day to day': 'Not Answered', 'Describe your experience with Azure and which features you have worked with professionally': 'Not Answered', 'Describe your experience with OOP best practices': 'Not Answered', 'Please let us know which state you reside in.': 'Not Answered', 'Required sponsorship for employment visa status': 'Not Answered', 'By submitting your application you agree to the handling of your personal data as described in the applicant privacy notice: https://woven.toyota/en/applicant-privacy-notice*': 'Not Answered', 'What gender do you identify as?': 'Not Answered', 'Do you consider yourself a member of the Lesbian, Gay, Bisexual and/or Transgender, Queer and Questioning (LGBTQ) community?': 'Not Answered', 'Do you identify as a Protected Veteran defined as one of the following: Disabled veteran; Recently separated veteran; Active wartime or campaign badge veteran; Armed Forces service medal veteran?': 'Not Answered', 'Woven by Toyota conducts a thorough pre-employment background check as a condition of employment. This check may include verification of your education, employment history, criminal history, and any other relevant information. If you accept an offer of employment, you consent to this background check and acknowledge that any employment offer is contingent upon satisfactory results': 'Not Answered', 'Please review and acknowledge you read and understood the non-disclosure agreement at the following link: https://woven.toyota/en/careers/nda/': 'Not Answered', 'Woven by Toyota conducts a thorough pre-employment background check as a condition of employment. This check may include verification of your education, employment history, criminal history, and any other relevant information. If you accept an offer of employment, you consent to this background check and acknowledge that any employment offer is contingent upon satisfactory results.': 'Not Answered', 'This role requires candidates to be in our Cupertino offices 50% of the time. Are you able to meet that requirement?': 'No', 'Are you currently eligible to work in the USA?': 'Yes', 'Will you now, or in the future, require sponsorship (i.e. H-1B visa, etc.) to legally work in the U.S.?': 'Yes'}"
Gridmatic,AI Research Scientist,https://jobs.lever.co/gridmatic/91df21b7-9d76-47a1-a88e-35801f801d98?source=LinkedIn,2025-03-01 00:53:58,Failed,{}
Woven by Toyota,"Senior Machine Learning Engineer, Autolabeling",https://jobs.lever.co/woven-by-toyota/0da237aa-d218-4a5e-9bb1-3e2157c5961a/apply?source=LinkedInhttps://jobs.lever.co/concurrency/b6883eea-f36f-4082-b184-58395b433e0e/apply?source=LinkedIn,2025-03-01 00:55:01,Failed,{}
Unknown Company,Founding AI Engineer,https://jobs.lever.co/menlovc/2a6345ea-3b7a-4371-be09-4ce647036233,2025-03-01 00:56:05,Failed,{}
Gridmatic,AI Research Scientist,https://jobs.lever.co/gridmatic/91df21b7-9d76-47a1-a88e-35801f801d98?source=LinkedIn,2025-03-01 01:03:17,Failed,{}
Woven by Toyota,"Senior Machine Learning Engineer, Autolabeling",https://jobs.lever.co/woven-by-toyota/0da237aa-d218-4a5e-9bb1-3e2157c5961a/apply?source=LinkedInhttps://jobs.lever.co/concurrency/b6883eea-f36f-4082-b184-58395b433e0e/apply?source=LinkedIn,2025-03-01 01:04:29,Failed,{}
Unknown Company,Founding AI Engineer,https://jobs.lever.co/menlovc/2a6345ea-3b7a-4371-be09-4ce647036233,2025-03-01 01:06:03,Failed,{}
Gridmatic,AI Research Scientist,https://jobs.lever.co/gridmatic/91df21b7-9d76-47a1-a88e-35801f801d98?source=LinkedIn,2025-03-01 01:43:20,Failed,{}
Gridmatic,AI Research Scientist,https://jobs.lever.co/woven-by-toyota/0da237aa-d218-4a5e-9bb1-3e2157c5961a/apply?source=LinkedInhttps://jobs.lever.co/concurrency/b6883eea-f36f-4082-b184-58395b433e0e/apply?source=LinkedIn,2025-03-01 01:43:49,Failed,{}
Gridmatic,AI Research Scientist,https://jobs.lever.co/menlovc/2a6345ea-3b7a-4371-be09-4ce647036233,2025-03-01 01:44:09,Failed,{}
Gridmatic,AI Research Scientist,https://jobs.lever.co/woven-by-toyota/0da237aa-d218-4a5e-9bb1-3e2157c5961a/apply?source=LinkedIn,2025-03-01 01:44:29,Failed,{}
Gridmatic,AI Research Scientist,https://jobs.lever.co/concurrency/b6883eea-f36f-4082-b184-58395b433e0e/apply?source=LinkedIn,2025-03-01 01:44:50,Failed,{}
Gridmatic,AI Research Scientist,https://jobs.lever.co/Federato/7ca318a4-1da1-4f79-ad80-7e65b51aa11b/apply?source=LinkedIn,2025-03-01 01:45:10,Failed,{}
Gridmatic,AI Research Scientist,https://jobs.lever.co/zoox/f61979b0-eb89-43ad-b11b-544b2d46baa8/apply?source=LinkedIn,2025-03-01 01:45:30,Failed,{}
Gridmatic,AI Research Scientist,https://jobs.lever.co/AIFund/9f27f5ff-7c4b-4eff-9a04-2d9d323e13af,2025-03-01 01:45:50,Failed,{}
Gridmatic,AI Research Scientist,https://jobs.lever.co/Federato/ca664080-ae5b-4cac-88f9-137d3d9f0c78/apply?source=LinkedIn,2025-03-01 01:46:10,Failed,{}
Gridmatic,AI Research Scientist,https://jobs.lever.co/AIFund/9f27f5ff-7c4b-4eff-9a04-2d9d323e13af,2025-03-01 01:46:30,Failed,{}
Gridmatic,AI Research Scientist,https://jobs.lever.co/wasabi/04979560-92bd-4213-9edf-1ccd1877c9e3/apply?source=LinkedIn,2025-03-01 01:46:50,Failed,{}
Gridmatic,AI Research Scientist,https://jobs.lever.co/Federato/ca664080-ae5b-4cac-88f9-137d3d9f0c78/apply?source=LinkedIn,2025-03-01 01:47:10,Failed,{}
Gridmatic,AI Research Scientist,https://jobs.lever.co/AIFund/9f27f5ff-7c4b-4eff-9a04-2d9d323e13af,2025-03-01 01:47:30,Failed,{}
Gridmatic,AI Research Scientist,https://jobs.lever.co/wasabi/04979560-92bd-4213-9edf-1ccd1877c9e3/apply?source=LinkedIn,2025-03-01 01:47:50,Failed,{}
Gridmatic,AI Research Scientist,https://jobs.lever.co/Federato/ca664080-ae5b-4cac-88f9-137d3d9f0c78/apply?source=LinkedIn,2025-03-01 01:48:10,Failed,{}
Gridmatic,AI Research Scientist,https://jobs.lever.co/gridmatic/91df21b7-9d76-47a1-a88e-35801f801d98?source=LinkedIn,2025-03-01 02:00:26,Failed,{}
Gridmatic,AI Research Scientist,https://jobs.lever.co/gridmatic/91df21b7-9d76-47a1-a88e-35801f801d98?source=LinkedIn,2025-03-01 02:12:56,Failed,"{'Are you open to a hybrid schedule, based in the SF Bay Area?': 'Not Answered', 'Are you authorized to work in the United States?': 'Not Answered', 'Describe your experience with Python and which libraries you use during your day to day': 'Not Answered', 'Describe your experience with Azure and which features you have worked with professionally': 'Not Answered', 'Describe your experience with OOP best practices': 'Not Answered', 'Please let us know which state you reside in.': 'Not Answered', 'Required sponsorship for employment visa status': 'Not Answered', 'By submitting your application you agree to the handling of your personal data as described in the applicant privacy notice: https://woven.toyota/en/applicant-privacy-notice*': 'Not Answered', 'What gender do you identify as?': 'Not Answered', 'Do you consider yourself a member of the Lesbian, Gay, Bisexual and/or Transgender, Queer and Questioning (LGBTQ) community?': 'Not Answered', 'Do you identify as a Protected Veteran defined as one of the following: Disabled veteran; Recently separated veteran; Active wartime or campaign badge veteran; Armed Forces service medal veteran?': 'Not Answered', 'Woven by Toyota conducts a thorough pre-employment background check as a condition of employment. This check may include verification of your education, employment history, criminal history, and any other relevant information. If you accept an offer of employment, you consent to this background check and acknowledge that any employment offer is contingent upon satisfactory results': 'Not Answered', 'Please review and acknowledge you read and understood the non-disclosure agreement at the following link: https://woven.toyota/en/careers/nda/': 'Not Answered', 'Woven by Toyota conducts a thorough pre-employment background check as a condition of employment. This check may include verification of your education, employment history, criminal history, and any other relevant information. If you accept an offer of employment, you consent to this background check and acknowledge that any employment offer is contingent upon satisfactory results.': 'Not Answered', 'This role requires candidates to be in our Cupertino offices 50% of the time. Are you able to meet that requirement?': 'Not Answered', 'Are you currently eligible to work in the USA?': 'Not Answered', 'Will you now, or in the future, require sponsorship (i.e. H-1B visa, etc.) to legally work in the U.S.?': 'Not Answered'}"
Gridmatic,AI Research Scientist,https://jobs.lever.co/gridmatic/91df21b7-9d76-47a1-a88e-35801f801d98?source=LinkedIn,2025-03-01 02:28:58,Failed,{}
Gridmatic,AI Research Scientist,https://jobs.lever.co/gridmatic/91df21b7-9d76-47a1-a88e-35801f801d98?source=LinkedIn,2025-03-01 02:34:16,Failed,{}
Gridmatic,AI Research Scientist,https://jobs.lever.co/gridmatic/91df21b7-9d76-47a1-a88e-35801f801d98?source=LinkedIn,2025-03-01 02:40:48,Failed,{}
Gridmatic,AI Research Scientist,https://jobs.lever.co/gridmatic/91df21b7-9d76-47a1-a88e-35801f801d98?source=LinkedIn,2025-03-01 02:51:38,Failed,{}
Woven by Toyota,"Senior Machine Learning Engineer, Autolabeling",https://jobs.lever.co/woven-by-toyota/0da237aa-d218-4a5e-9bb1-3e2157c5961a/apply?source=LinkedInhttps://jobs.lever.co/concurrency/b6883eea-f36f-4082-b184-58395b433e0e/apply?source=LinkedIn,2025-03-01 02:53:08,Failed,"{'Woven by Toyota conducts a thorough pre-employment background check as a condition of employment. This check may include verification of your education, employment history, criminal history, and any other relevant information. If you accept an offer of employment, you consent to this background check and acknowledge that any employment offer is contingent upon satisfactory results.': 'I acknowledge', 'Please review and acknowledge you read and understood the non-disclosure agreement at the following link: https://woven.toyota/en/careers/nda/': 'I acknowledge', 'Do you consider yourself a member of the Lesbian, Gay, Bisexual and/or Transgender, Queer and Questioning (LGBTQ) community?': 'No', 'Do you identify as a Protected Veteran defined as one of the following: Disabled veteran; Recently separated veteran; Active wartime or campaign badge veteran; Armed Forces service medal veteran?': 'I decline to answer'}"
Gridmatic,AI Research Scientist,https://jobs.lever.co/gridmatic/91df21b7-9d76-47a1-a88e-35801f801d98?source=LinkedIn,2025-03-01 02:54:59,Failed,{}
Gridmatic,AI Research Scientist,https://jobs.lever.co/gridmatic/91df21b7-9d76-47a1-a88e-35801f801d98?source=LinkedIn,2025-03-01 02:56:48,Failed,{}
Gridmatic,AI Research Scientist,https://jobs.lever.co/gridmatic/91df21b7-9d76-47a1-a88e-35801f801d98?source=LinkedIn,2025-03-01 03:25:24,Failed,{}
Woven by Toyota,"Senior Machine Learning Engineer, Autolabeling",https://jobs.lever.co/woven-by-toyota/0da237aa-d218-4a5e-9bb1-3e2157c5961a/apply?source=LinkedInhttps://jobs.lever.co/concurrency/b6883eea-f36f-4082-b184-58395b433e0e/apply?source=LinkedIn,2025-03-01 03:26:52,Failed,"{'Woven by Toyota conducts a thorough pre-employment background check as a condition of employment. This check may include verification of your education, employment history, criminal history, and any other relevant information. If you accept an offer of employment, you consent to this background check and acknowledge that any employment offer is contingent upon satisfactory results.': 'I acknowledge', 'Please review and acknowledge you read and understood the non-disclosure agreement at the following link: https://woven.toyota/en/careers/nda/': 'I acknowledge', 'Do you consider yourself a member of the Lesbian, Gay, Bisexual and/or Transgender, Queer and Questioning (LGBTQ) community?': 'No', 'Do you identify as a Protected Veteran defined as one of the following: Disabled veteran; Recently separated veteran; Active wartime or campaign badge veteran; Armed Forces service medal veteran?': 'I decline to answer'}"
Unknown Company,Founding AI Engineer,https://jobs.lever.co/menlovc/2a6345ea-3b7a-4371-be09-4ce647036233,2025-03-01 03:28:23,Failed,{}
Woven by Toyota,"Senior Machine Learning Engineer, Autolabeling",https://jobs.lever.co/woven-by-toyota/0da237aa-d218-4a5e-9bb1-3e2157c5961a/apply?source=LinkedIn,2025-03-01 03:29:52,Failed,"{'Woven by Toyota conducts a thorough pre-employment background check as a condition of employment. This check may include verification of your education, employment history, criminal history, and any other relevant information. If you accept an offer of employment, you consent to this background check and acknowledge that any employment offer is contingent upon satisfactory results.': 'I acknowledge', 'Please review and acknowledge you read and understood the non-disclosure agreement at the following link: https://woven.toyota/en/careers/nda/': 'I acknowledge', 'Do you consider yourself a member of the Lesbian, Gay, Bisexual and/or Transgender, Queer and Questioning (LGBTQ) community?': 'No', 'Do you identify as a Protected Veteran defined as one of the following: Disabled veteran; Recently separated veteran; Active wartime or campaign badge veteran; Armed Forces service medal veteran?': 'I decline to answer'}"
Concurrency,Senior Machine Learning Engineer,https://jobs.lever.co/concurrency/b6883eea-f36f-4082-b184-58395b433e0e/apply?source=LinkedIn,2025-03-01 03:31:10,Failed,{}
