2025-02-27 21:22:55,110 - INFO - Read question: Are you open to a hybrid schedule, based in the SF Bay Area? with answer: Yes
2025-02-27 21:22:55,110 - INFO - Read question: Are you authorized to work in the United States? with answer: No
2025-02-27 21:22:55,110 - INFO - Read question: Describe your experience with Python and which libraries you use during your day to day with answer: I have 6 months of experience with Python. I frequently use libraries like Pandas, NumPy, and Matplotlib for data analysis and visualization.
2025-02-27 21:22:55,110 - INFO - Read question: Describe your experience with Azure and which features you have worked with professionally with answer: I have 4 years of experience working with Microsoft Azure. I have extensively used Azure Virtual Machines, Azure Storage, Azure SQL Database, and Azure Kubernetes Service (AKS). I have also worked with Azure DevOps for CI/CD pipelines and Azure Monitor for logging and monitoring.
2025-02-27 21:22:55,110 - INFO - Read question: Describe your experience with OOP best practices with answer: I have extensive experience with Object-Oriented Programming (OOP) best practices. I follow principles such as SOLID (Single Responsibility, Open/Closed, Liskov Substitution, Interface Segregation, and Dependency Inversion) to write clean, maintainable, and scalable code. I also use design patterns like Singleton, Factory, and Observer to solve common problems. Additionally, I ensure proper encapsulation, inheritance, and polymorphism in my code to improve reusability and readability.
2025-02-27 21:22:55,110 - INFO - Read question: Please let us know which state you reside in. with answer: California 
2025-02-27 21:22:55,110 - INFO - Read question: Required sponsorship for employment visa status with answer: No
2025-02-27 21:22:55,110 - INFO - Read question: By submitting your application you agree to the handling of your personal data as described in the applicant privacy notice: https://woven.toyota/en/applicant-privacy-notice✱ with answer: I acknowledge
2025-02-27 21:22:55,110 - INFO - Read question: What gender do you identify as? with answer: Male
2025-02-27 21:22:55,110 - INFO - Read question: Do you consider yourself a member of the Lesbian, Gay, Bisexual and/or Transgender, Queer and Questioning (LGBTQ) community? with answer: No
2025-02-27 21:22:55,118 - INFO - Read question: Do you identify as a Protected Veteran defined as one of the following: Disabled veteran; Recently separated veteran; Active wartime or campaign badge veteran; Armed Forces service medal veteran? with answer: I decline to answer
2025-02-27 21:22:55,118 - INFO - Read question: Woven by Toyota conducts a thorough pre-employment background check as a condition of employment. This check may include verification of your education, employment history, criminal history, and any other relevant information. If you accept an offer of employment, you consent to this background check and acknowledge that any employment offer is contingent upon satisfactory results with answer: I acknowledge
2025-02-27 21:22:55,118 - INFO - Read question: Please review and acknowledge you read and understood the non-disclosure agreement at the following link: https://woven.toyota/en/careers/nda/ with answer: I acknowledge
2025-02-27 21:22:55,119 - INFO - Read question: Woven by Toyota conducts a thorough pre-employment background check as a condition of employment. This check may include verification of your education, employment history, criminal history, and any other relevant information. If you accept an offer of employment, you consent to this background check and acknowledge that any employment offer is contingent upon satisfactory results. with answer: I acknowledge
2025-02-27 21:22:56,029 - INFO - patching driver executable C:\Users\hr\appdata\roaming\undetected_chromedriver\undetected_chromedriver.exe
2025-02-27 21:22:57,271 - INFO - Processing job link: https://jobs.lever.co/woven-by-toyota/0da237aa-d218-4a5e-9bb1-3e2157c5961a/apply?source=LinkedInhttps://jobs.lever.co/concurrency/b6883eea-f36f-4082-b184-58395b433e0e/apply?source=LinkedIn
2025-02-27 21:23:21,889 - WARNING - No 'Apply for this job' button found. Proceeding to the form. Error: Message: 
Stacktrace:
	GetHandleVerifier [0x00FC0B43+25139]
	(No symbol) [0x00F513F4]
	(No symbol) [0x00E304E3]
	(No symbol) [0x00E783D7]
	(No symbol) [0x00E7872B]
	(No symbol) [0x00EC1002]
	(No symbol) [0x00E9D014]
	(No symbol) [0x00EBE778]
	(No symbol) [0x00E9CDC6]
	(No symbol) [0x00E6BDE9]
	(No symbol) [0x00E6D124]
	GetHandleVerifier [0x012C4373+3185251]
	GetHandleVerifier [0x012E291A+3309578]
	GetHandleVerifier [0x012DCF42+3286578]
	GetHandleVerifier [0x01057AE0+643536]
	(No symbol) [0x00F5A20D]
	(No symbol) [0x00F570B8]
	(No symbol) [0x00F57257]
	(No symbol) [0x00F49E00]
	BaseThreadInitThunk [0x76CD5D49+25]
	RtlInitializeExceptionChain [0x771BCEBB+107]
	RtlGetAppContainerNamedObjectPath [0x771BCE41+561]

2025-02-27 21:23:30,016 - INFO - Uploaded resume from: C:\Users\hr\OneDrive\Desktop\LeverAutomation\LEVER\Resumes\Sunil Resume.pdf
2025-02-27 21:23:34,593 - INFO - LinkedIn profile filled successfully.
2025-02-27 21:23:36,757 - INFO - Attempting to answer: Are you open to a hybrid schedule, based in the SF Bay Area? with Yes
2025-02-27 21:23:46,864 - ERROR - Could not answer question: Are you open to a hybrid schedule, based in the SF Bay Area?. Error: Message: 
Stacktrace:
	GetHandleVerifier [0x00FC0B43+25139]
	(No symbol) [0x00F513F4]
	(No symbol) [0x00E304E3]
	(No symbol) [0x00E783D7]
	(No symbol) [0x00E7872B]
	(No symbol) [0x00EC1002]
	(No symbol) [0x00E9D014]
	(No symbol) [0x00EBE778]
	(No symbol) [0x00E9CDC6]
	(No symbol) [0x00E6BDE9]
	(No symbol) [0x00E6D124]
	GetHandleVerifier [0x012C4373+3185251]
	GetHandleVerifier [0x012E291A+3309578]
	GetHandleVerifier [0x012DCF42+3286578]
	GetHandleVerifier [0x01057AE0+643536]
	(No symbol) [0x00F5A20D]
	(No symbol) [0x00F570B8]
	(No symbol) [0x00F57257]
	(No symbol) [0x00F49E00]
	BaseThreadInitThunk [0x76CD5D49+25]
	RtlInitializeExceptionChain [0x771BCEBB+107]
	RtlGetAppContainerNamedObjectPath [0x771BCE41+561]

2025-02-27 21:23:46,873 - INFO - Attempting to answer: Are you authorized to work in the United States? with No
2025-02-27 21:23:57,357 - ERROR - Could not answer question: Are you authorized to work in the United States?. Error: Message: 
Stacktrace:
	GetHandleVerifier [0x00FC0B43+25139]
	(No symbol) [0x00F513F4]
	(No symbol) [0x00E304E3]
	(No symbol) [0x00E783D7]
	(No symbol) [0x00E7872B]
	(No symbol) [0x00EC1002]
	(No symbol) [0x00E9D014]
	(No symbol) [0x00EBE778]
	(No symbol) [0x00E9CDC6]
	(No symbol) [0x00E6BDE9]
	(No symbol) [0x00E6D124]
	GetHandleVerifier [0x012C4373+3185251]
	GetHandleVerifier [0x012E291A+3309578]
	GetHandleVerifier [0x012DCF42+3286578]
	GetHandleVerifier [0x01057AE0+643536]
	(No symbol) [0x00F5A20D]
	(No symbol) [0x00F570B8]
	(No symbol) [0x00F57257]
	(No symbol) [0x00F49E00]
	BaseThreadInitThunk [0x76CD5D49+25]
	RtlInitializeExceptionChain [0x771BCEBB+107]
	RtlGetAppContainerNamedObjectPath [0x771BCE41+561]

2025-02-27 21:23:57,358 - INFO - Attempting to answer: Describe your experience with Python and which libraries you use during your day to day with I have 6 months of experience with Python. I frequently use libraries like Pandas, NumPy, and Matplotlib for data analysis and visualization.
2025-02-27 21:24:07,456 - ERROR - Could not answer question: Describe your experience with Python and which libraries you use during your day to day. Error: Message: 
Stacktrace:
	GetHandleVerifier [0x00FC0B43+25139]
	(No symbol) [0x00F513F4]
	(No symbol) [0x00E304E3]
	(No symbol) [0x00E783D7]
	(No symbol) [0x00E7872B]
	(No symbol) [0x00EC1002]
	(No symbol) [0x00E9D014]
	(No symbol) [0x00EBE778]
	(No symbol) [0x00E9CDC6]
	(No symbol) [0x00E6BDE9]
	(No symbol) [0x00E6D124]
	GetHandleVerifier [0x012C4373+3185251]
	GetHandleVerifier [0x012E291A+3309578]
	GetHandleVerifier [0x012DCF42+3286578]
	GetHandleVerifier [0x01057AE0+643536]
	(No symbol) [0x00F5A20D]
	(No symbol) [0x00F570B8]
	(No symbol) [0x00F57257]
	(No symbol) [0x00F49E00]
	BaseThreadInitThunk [0x76CD5D49+25]
	RtlInitializeExceptionChain [0x771BCEBB+107]
	RtlGetAppContainerNamedObjectPath [0x771BCE41+561]

2025-02-27 21:24:07,457 - INFO - Attempting to answer: Describe your experience with Azure and which features you have worked with professionally with I have 4 years of experience working with Microsoft Azure. I have extensively used Azure Virtual Machines, Azure Storage, Azure SQL Database, and Azure Kubernetes Service (AKS). I have also worked with Azure DevOps for CI/CD pipelines and Azure Monitor for logging and monitoring.
2025-02-27 21:24:17,531 - ERROR - Could not answer question: Describe your experience with Azure and which features you have worked with professionally. Error: Message: 
Stacktrace:
	GetHandleVerifier [0x00FC0B43+25139]
	(No symbol) [0x00F513F4]
	(No symbol) [0x00E304E3]
	(No symbol) [0x00E783D7]
	(No symbol) [0x00E7872B]
	(No symbol) [0x00EC1002]
	(No symbol) [0x00E9D014]
	(No symbol) [0x00EBE778]
	(No symbol) [0x00E9CDC6]
	(No symbol) [0x00E6BDE9]
	(No symbol) [0x00E6D124]
	GetHandleVerifier [0x012C4373+3185251]
	GetHandleVerifier [0x012E291A+3309578]
	GetHandleVerifier [0x012DCF42+3286578]
	GetHandleVerifier [0x01057AE0+643536]
	(No symbol) [0x00F5A20D]
	(No symbol) [0x00F570B8]
	(No symbol) [0x00F57257]
	(No symbol) [0x00F49E00]
	BaseThreadInitThunk [0x76CD5D49+25]
	RtlInitializeExceptionChain [0x771BCEBB+107]
	RtlGetAppContainerNamedObjectPath [0x771BCE41+561]

2025-02-27 21:24:17,533 - INFO - Attempting to answer: Describe your experience with OOP best practices with I have extensive experience with Object-Oriented Programming (OOP) best practices. I follow principles such as SOLID (Single Responsibility, Open/Closed, Liskov Substitution, Interface Segregation, and Dependency Inversion) to write clean, maintainable, and scalable code. I also use design patterns like Singleton, Factory, and Observer to solve common problems. Additionally, I ensure proper encapsulation, inheritance, and polymorphism in my code to improve reusability and readability.
2025-02-27 21:24:28,045 - ERROR - Could not answer question: Describe your experience with OOP best practices. Error: Message: 
Stacktrace:
	GetHandleVerifier [0x00FC0B43+25139]
	(No symbol) [0x00F513F4]
	(No symbol) [0x00E304E3]
	(No symbol) [0x00E783D7]
	(No symbol) [0x00E7872B]
	(No symbol) [0x00EC1002]
	(No symbol) [0x00E9D014]
	(No symbol) [0x00EBE778]
	(No symbol) [0x00E9CDC6]
	(No symbol) [0x00E6BDE9]
	(No symbol) [0x00E6D124]
	GetHandleVerifier [0x012C4373+3185251]
	GetHandleVerifier [0x012E291A+3309578]
	GetHandleVerifier [0x012DCF42+3286578]
	GetHandleVerifier [0x01057AE0+643536]
	(No symbol) [0x00F5A20D]
	(No symbol) [0x00F570B8]
	(No symbol) [0x00F57257]
	(No symbol) [0x00F49E00]
	BaseThreadInitThunk [0x76CD5D49+25]
	RtlInitializeExceptionChain [0x771BCEBB+107]
	RtlGetAppContainerNamedObjectPath [0x771BCE41+561]

2025-02-27 21:24:28,057 - INFO - Attempting to answer: Please let us know which state you reside in. with California 
2025-02-27 21:24:38,084 - ERROR - Could not answer question: Please let us know which state you reside in.. Error: Message: 
Stacktrace:
	GetHandleVerifier [0x00FC0B43+25139]
	(No symbol) [0x00F513F4]
	(No symbol) [0x00E304E3]
	(No symbol) [0x00E783D7]
	(No symbol) [0x00E7872B]
	(No symbol) [0x00EC1002]
	(No symbol) [0x00E9D014]
	(No symbol) [0x00EBE778]
	(No symbol) [0x00E9CDC6]
	(No symbol) [0x00E6BDE9]
	(No symbol) [0x00E6D124]
	GetHandleVerifier [0x012C4373+3185251]
	GetHandleVerifier [0x012E291A+3309578]
	GetHandleVerifier [0x012DCF42+3286578]
	GetHandleVerifier [0x01057AE0+643536]
	(No symbol) [0x00F5A20D]
	(No symbol) [0x00F570B8]
	(No symbol) [0x00F57257]
	(No symbol) [0x00F49E00]
	BaseThreadInitThunk [0x76CD5D49+25]
	RtlInitializeExceptionChain [0x771BCEBB+107]
	RtlGetAppContainerNamedObjectPath [0x771BCE41+561]

2025-02-27 21:24:38,084 - INFO - Attempting to answer: Required sponsorship for employment visa status with No
2025-02-27 21:24:48,137 - ERROR - Could not answer question: Required sponsorship for employment visa status. Error: Message: 
Stacktrace:
	GetHandleVerifier [0x00FC0B43+25139]
	(No symbol) [0x00F513F4]
	(No symbol) [0x00E304E3]
	(No symbol) [0x00E783D7]
	(No symbol) [0x00E7872B]
	(No symbol) [0x00EC1002]
	(No symbol) [0x00E9D014]
	(No symbol) [0x00EBE778]
	(No symbol) [0x00E9CDC6]
	(No symbol) [0x00E6BDE9]
	(No symbol) [0x00E6D124]
	GetHandleVerifier [0x012C4373+3185251]
	GetHandleVerifier [0x012E291A+3309578]
	GetHandleVerifier [0x012DCF42+3286578]
	GetHandleVerifier [0x01057AE0+643536]
	(No symbol) [0x00F5A20D]
	(No symbol) [0x00F570B8]
	(No symbol) [0x00F57257]
	(No symbol) [0x00F49E00]
	BaseThreadInitThunk [0x76CD5D49+25]
	RtlInitializeExceptionChain [0x771BCEBB+107]
	RtlGetAppContainerNamedObjectPath [0x771BCE41+561]

2025-02-27 21:24:48,138 - INFO - Attempting to answer: By submitting your application you agree to the handling of your personal data as described in the applicant privacy notice: https://woven.toyota/en/applicant-privacy-notice✱ with I acknowledge
2025-02-27 21:24:58,176 - ERROR - Could not answer question: By submitting your application you agree to the handling of your personal data as described in the applicant privacy notice: https://woven.toyota/en/applicant-privacy-notice✱. Error: Message: 
Stacktrace:
	GetHandleVerifier [0x00FC0B43+25139]
	(No symbol) [0x00F513F4]
	(No symbol) [0x00E304E3]
	(No symbol) [0x00E783D7]
	(No symbol) [0x00E7872B]
	(No symbol) [0x00EC1002]
	(No symbol) [0x00E9D014]
	(No symbol) [0x00EBE778]
	(No symbol) [0x00E9CDC6]
	(No symbol) [0x00E6BDE9]
	(No symbol) [0x00E6D124]
	GetHandleVerifier [0x012C4373+3185251]
	GetHandleVerifier [0x012E291A+3309578]
	GetHandleVerifier [0x012DCF42+3286578]
	GetHandleVerifier [0x01057AE0+643536]
	(No symbol) [0x00F5A20D]
	(No symbol) [0x00F570B8]
	(No symbol) [0x00F57257]
	(No symbol) [0x00F49E00]
	BaseThreadInitThunk [0x76CD5D49+25]
	RtlInitializeExceptionChain [0x771BCEBB+107]
	RtlGetAppContainerNamedObjectPath [0x771BCE41+561]

2025-02-27 21:24:58,176 - INFO - Attempting to answer: What gender do you identify as? with Male
2025-02-27 21:24:58,300 - INFO - Selected 'Male' for question: What gender do you identify as?
2025-02-27 21:25:01,215 - INFO - Attempting to answer: Do you consider yourself a member of the Lesbian, Gay, Bisexual and/or Transgender, Queer and Questioning (LGBTQ) community? with No
2025-02-27 21:25:01,307 - INFO - Selected 'No' for question: Do you consider yourself a member of the Lesbian, Gay, Bisexual and/or Transgender, Queer and Questioning (LGBTQ) community?
2025-02-27 21:25:03,947 - INFO - Attempting to answer: Do you identify as a Protected Veteran defined as one of the following: Disabled veteran; Recently separated veteran; Active wartime or campaign badge veteran; Armed Forces service medal veteran? with I decline to answer
2025-02-27 21:25:04,044 - INFO - Selected 'I decline to answer' for question: Do you identify as a Protected Veteran defined as one of the following: Disabled veteran; Recently separated veteran; Active wartime or campaign badge veteran; Armed Forces service medal veteran?
2025-02-27 21:25:06,065 - INFO - Attempting to answer: Woven by Toyota conducts a thorough pre-employment background check as a condition of employment. This check may include verification of your education, employment history, criminal history, and any other relevant information. If you accept an offer of employment, you consent to this background check and acknowledge that any employment offer is contingent upon satisfactory results with I acknowledge
2025-02-27 21:25:07,314 - WARNING - No matching radio button found for answer: I acknowledge
2025-02-27 21:25:09,856 - INFO - Attempting to answer: Please review and acknowledge you read and understood the non-disclosure agreement at the following link: https://woven.toyota/en/careers/nda/ with I acknowledge
2025-02-27 21:25:11,082 - WARNING - No matching radio button found for answer: I acknowledge
2025-02-27 21:25:13,922 - INFO - Attempting to answer: Woven by Toyota conducts a thorough pre-employment background check as a condition of employment. This check may include verification of your education, employment history, criminal history, and any other relevant information. If you accept an offer of employment, you consent to this background check and acknowledge that any employment offer is contingent upon satisfactory results. with I acknowledge
2025-02-27 21:25:14,084 - INFO - Checked 'I acknowledge' for question: Woven by Toyota conducts a thorough pre-employment background check as a condition of employment. This check may include verification of your education, employment history, criminal history, and any other relevant information. If you accept an offer of employment, you consent to this background check and acknowledge that any employment offer is contingent upon satisfactory results.
2025-02-27 21:25:26,308 - WARNING - No CAPTCHA found or failed to solve: Message: 
Stacktrace:
	GetHandleVerifier [0x00FC0B43+25139]
	(No symbol) [0x00F513F4]
	(No symbol) [0x00E304E3]
	(No symbol) [0x00E783D7]
	(No symbol) [0x00E7872B]
	(No symbol) [0x00EC1002]
	(No symbol) [0x00E9D014]
	(No symbol) [0x00EBE778]
	(No symbol) [0x00E9CDC6]
	(No symbol) [0x00E6BDE9]
	(No symbol) [0x00E6D124]
	GetHandleVerifier [0x012C4373+3185251]
	GetHandleVerifier [0x012E291A+3309578]
	GetHandleVerifier [0x012DCF42+3286578]
	GetHandleVerifier [0x01057AE0+643536]
	(No symbol) [0x00F5A20D]
	(No symbol) [0x00F570B8]
	(No symbol) [0x00F57257]
	(No symbol) [0x00F49E00]
	BaseThreadInitThunk [0x76CD5D49+25]
	RtlInitializeExceptionChain [0x771BCEBB+107]
	RtlGetAppContainerNamedObjectPath [0x771BCE41+561]

2025-02-27 21:25:51,889 - INFO - Processing job link: https://jobs.lever.co/menlovc/2a6345ea-3b7a-4371-be09-4ce647036233
2025-02-27 21:25:56,492 - ERROR - Error for https://jobs.lever.co/menlovc/2a6345ea-3b7a-4371-be09-4ce647036233: ('Connection aborted.', ConnectionResetError(10054, 'An existing connection was forcibly closed by the remote host', None, 10054, None))
2025-02-27 21:25:56,492 - INFO - Retrying... (1/3)
2025-02-27 21:33:51,772 - INFO - Read question: Are you open to a hybrid schedule, based in the SF Bay Area? with answer: Yes
2025-02-27 21:33:51,772 - INFO - Read question: Are you authorized to work in the United States? with answer: No
2025-02-27 21:33:51,772 - INFO - Read question: Describe your experience with Python and which libraries you use during your day to day with answer: I have 6 months of experience with Python. I frequently use libraries like Pandas, NumPy, and Matplotlib for data analysis and visualization.
2025-02-27 21:33:51,772 - INFO - Read question: Describe your experience with Azure and which features you have worked with professionally with answer: I have 4 years of experience working with Microsoft Azure. I have extensively used Azure Virtual Machines, Azure Storage, Azure SQL Database, and Azure Kubernetes Service (AKS). I have also worked with Azure DevOps for CI/CD pipelines and Azure Monitor for logging and monitoring.
2025-02-27 21:33:51,772 - INFO - Read question: Describe your experience with OOP best practices with answer: I have extensive experience with Object-Oriented Programming (OOP) best practices. I follow principles such as SOLID (Single Responsibility, Open/Closed, Liskov Substitution, Interface Segregation, and Dependency Inversion) to write clean, maintainable, and scalable code. I also use design patterns like Singleton, Factory, and Observer to solve common problems. Additionally, I ensure proper encapsulation, inheritance, and polymorphism in my code to improve reusability and readability.
2025-02-27 21:33:51,772 - INFO - Read question: Please let us know which state you reside in. with answer: California 
2025-02-27 21:33:51,772 - INFO - Read question: Required sponsorship for employment visa status with answer: No
2025-02-27 21:33:51,772 - INFO - Read question: By submitting your application you agree to the handling of your personal data as described in the applicant privacy notice: https://woven.toyota/en/applicant-privacy-notice✱ with answer: I acknowledge
2025-02-27 21:33:51,772 - INFO - Read question: What gender do you identify as? with answer: Male
2025-02-27 21:33:51,772 - INFO - Read question: Do you consider yourself a member of the Lesbian, Gay, Bisexual and/or Transgender, Queer and Questioning (LGBTQ) community? with answer: No
2025-02-27 21:33:51,772 - INFO - Read question: Do you identify as a Protected Veteran defined as one of the following: Disabled veteran; Recently separated veteran; Active wartime or campaign badge veteran; Armed Forces service medal veteran? with answer: I decline to answer
2025-02-27 21:33:51,772 - INFO - Read question: Woven by Toyota conducts a thorough pre-employment background check as a condition of employment. This check may include verification of your education, employment history, criminal history, and any other relevant information. If you accept an offer of employment, you consent to this background check and acknowledge that any employment offer is contingent upon satisfactory results with answer: I acknowledge
2025-02-27 21:33:51,772 - INFO - Read question: Please review and acknowledge you read and understood the non-disclosure agreement at the following link: https://woven.toyota/en/careers/nda/ with answer: I acknowledge
2025-02-27 21:33:51,772 - INFO - Read question: Woven by Toyota conducts a thorough pre-employment background check as a condition of employment. This check may include verification of your education, employment history, criminal history, and any other relevant information. If you accept an offer of employment, you consent to this background check and acknowledge that any employment offer is contingent upon satisfactory results. with answer: I acknowledge
2025-02-27 21:33:52,641 - INFO - patching driver executable C:\Users\hr\appdata\roaming\undetected_chromedriver\undetected_chromedriver.exe
2025-02-27 21:33:54,136 - INFO - Processing job link: https://jobs.lever.co/woven-by-toyota/0da237aa-d218-4a5e-9bb1-3e2157c5961a/apply?source=LinkedInhttps://jobs.lever.co/concurrency/b6883eea-f36f-4082-b184-58395b433e0e/apply?source=LinkedIn
2025-02-27 21:34:19,109 - WARNING - No 'Apply for this job' button found. Proceeding to the form. Error: Message: 
Stacktrace:
	GetHandleVerifier [0x00630B43+25139]
	(No symbol) [0x005C13F4]
	(No symbol) [0x004A04E3]
	(No symbol) [0x004E83D7]
	(No symbol) [0x004E872B]
	(No symbol) [0x00531002]
	(No symbol) [0x0050D014]
	(No symbol) [0x0052E778]
	(No symbol) [0x0050CDC6]
	(No symbol) [0x004DBDE9]
	(No symbol) [0x004DD124]
	GetHandleVerifier [0x00934373+3185251]
	GetHandleVerifier [0x0095291A+3309578]
	GetHandleVerifier [0x0094CF42+3286578]
	GetHandleVerifier [0x006C7AE0+643536]
	(No symbol) [0x005CA20D]
	(No symbol) [0x005C70B8]
	(No symbol) [0x005C7257]
	(No symbol) [0x005B9E00]
	BaseThreadInitThunk [0x76CD5D49+25]
	RtlInitializeExceptionChain [0x771BCEBB+107]
	RtlGetAppContainerNamedObjectPath [0x771BCE41+561]

2025-02-27 21:34:27,243 - INFO - Uploaded resume from: C:\Users\hr\OneDrive\Desktop\LeverAutomation\LEVER\Resumes\Sunil Resume.pdf
2025-02-27 21:34:31,848 - INFO - LinkedIn profile filled successfully.
2025-02-27 21:34:34,374 - INFO - Attempting to answer: Are you open to a hybrid schedule, based in the SF Bay Area? with Yes
2025-02-27 21:34:44,451 - ERROR - Could not answer question: Are you open to a hybrid schedule, based in the SF Bay Area?. Error: Message: 
Stacktrace:
	GetHandleVerifier [0x00630B43+25139]
	(No symbol) [0x005C13F4]
	(No symbol) [0x004A04E3]
	(No symbol) [0x004E83D7]
	(No symbol) [0x004E872B]
	(No symbol) [0x00531002]
	(No symbol) [0x0050D014]
	(No symbol) [0x0052E778]
	(No symbol) [0x0050CDC6]
	(No symbol) [0x004DBDE9]
	(No symbol) [0x004DD124]
	GetHandleVerifier [0x00934373+3185251]
	GetHandleVerifier [0x0095291A+3309578]
	GetHandleVerifier [0x0094CF42+3286578]
	GetHandleVerifier [0x006C7AE0+643536]
	(No symbol) [0x005CA20D]
	(No symbol) [0x005C70B8]
	(No symbol) [0x005C7257]
	(No symbol) [0x005B9E00]
	BaseThreadInitThunk [0x76CD5D49+25]
	RtlInitializeExceptionChain [0x771BCEBB+107]
	RtlGetAppContainerNamedObjectPath [0x771BCE41+561]

2025-02-27 21:34:44,452 - INFO - Attempting to answer: Are you authorized to work in the United States? with No
2025-02-27 21:34:54,471 - ERROR - Could not answer question: Are you authorized to work in the United States?. Error: Message: 
Stacktrace:
	GetHandleVerifier [0x00630B43+25139]
	(No symbol) [0x005C13F4]
	(No symbol) [0x004A04E3]
	(No symbol) [0x004E83D7]
	(No symbol) [0x004E872B]
	(No symbol) [0x00531002]
	(No symbol) [0x0050D014]
	(No symbol) [0x0052E778]
	(No symbol) [0x0050CDC6]
	(No symbol) [0x004DBDE9]
	(No symbol) [0x004DD124]
	GetHandleVerifier [0x00934373+3185251]
	GetHandleVerifier [0x0095291A+3309578]
	GetHandleVerifier [0x0094CF42+3286578]
	GetHandleVerifier [0x006C7AE0+643536]
	(No symbol) [0x005CA20D]
	(No symbol) [0x005C70B8]
	(No symbol) [0x005C7257]
	(No symbol) [0x005B9E00]
	BaseThreadInitThunk [0x76CD5D49+25]
	RtlInitializeExceptionChain [0x771BCEBB+107]
	RtlGetAppContainerNamedObjectPath [0x771BCE41+561]

2025-02-27 21:34:54,471 - INFO - Attempting to answer: Describe your experience with Python and which libraries you use during your day to day with I have 6 months of experience with Python. I frequently use libraries like Pandas, NumPy, and Matplotlib for data analysis and visualization.
2025-02-27 21:34:55,556 - ERROR - Could not answer question: Describe your experience with Python and which libraries you use during your day to day. Error: Message: invalid session id: session deleted as the browser has closed the connection
from disconnected: not connected to DevTools
  (Session info: chrome=133.0.6943.127)
Stacktrace:
	GetHandleVerifier [0x00630B43+25139]
	(No symbol) [0x005C13F4]
	(No symbol) [0x004A04E3]
	(No symbol) [0x0048FE10]
	(No symbol) [0x004AD89A]
	(No symbol) [0x00513DDF]
	(No symbol) [0x0052E059]
	(No symbol) [0x0050CDC6]
	(No symbol) [0x004DBDE9]
	(No symbol) [0x004DD124]
	GetHandleVerifier [0x00934373+3185251]
	GetHandleVerifier [0x0095291A+3309578]
	GetHandleVerifier [0x0094CF42+3286578]
	GetHandleVerifier [0x006C7AE0+643536]
	(No symbol) [0x005CA20D]
	(No symbol) [0x005C70B8]
	(No symbol) [0x005C7257]
	(No symbol) [0x005B9E00]
	BaseThreadInitThunk [0x76CD5D49+25]
	RtlInitializeExceptionChain [0x771BCEBB+107]
	RtlGetAppContainerNamedObjectPath [0x771BCE41+561]

2025-02-27 21:34:55,556 - INFO - Attempting to answer: Describe your experience with Azure and which features you have worked with professionally with I have 4 years of experience working with Microsoft Azure. I have extensively used Azure Virtual Machines, Azure Storage, Azure SQL Database, and Azure Kubernetes Service (AKS). I have also worked with Azure DevOps for CI/CD pipelines and Azure Monitor for logging and monitoring.
2025-02-27 21:34:55,560 - ERROR - Could not answer question: Describe your experience with Azure and which features you have worked with professionally. Error: Message: invalid session id
Stacktrace:
	GetHandleVerifier [0x00630B43+25139]
	(No symbol) [0x005C13F4]
	(No symbol) [0x004A0340]
	(No symbol) [0x004DB278]
	(No symbol) [0x0050CE86]
	(No symbol) [0x00508861]
	(No symbol) [0x00507DE6]
	(No symbol) [0x00473245]
	(No symbol) [0x0047379E]
	(No symbol) [0x00473C1D]
	GetHandleVerifier [0x00934373+3185251]
	GetHandleVerifier [0x0095291A+3309578]
	GetHandleVerifier [0x0094CF42+3286578]
	GetHandleVerifier [0x006C7AE0+643536]
	(No symbol) [0x005CA20D]
	(No symbol) [0x00472F10]
	(No symbol) [0x00472AD6]
	GetHandleVerifier [0x009D717C+3852396]
	BaseThreadInitThunk [0x76CD5D49+25]
	RtlInitializeExceptionChain [0x771BCEBB+107]
	RtlGetAppContainerNamedObjectPath [0x771BCE41+561]

2025-02-27 21:34:55,560 - INFO - Attempting to answer: Describe your experience with OOP best practices with I have extensive experience with Object-Oriented Programming (OOP) best practices. I follow principles such as SOLID (Single Responsibility, Open/Closed, Liskov Substitution, Interface Segregation, and Dependency Inversion) to write clean, maintainable, and scalable code. I also use design patterns like Singleton, Factory, and Observer to solve common problems. Additionally, I ensure proper encapsulation, inheritance, and polymorphism in my code to improve reusability and readability.
2025-02-27 21:34:55,577 - ERROR - Could not answer question: Describe your experience with OOP best practices. Error: Message: invalid session id
Stacktrace:
	GetHandleVerifier [0x00630B43+25139]
	(No symbol) [0x005C13F4]
	(No symbol) [0x004A0340]
	(No symbol) [0x004DB278]
	(No symbol) [0x0050CE86]
	(No symbol) [0x00508861]
	(No symbol) [0x00507DE6]
	(No symbol) [0x00473245]
	(No symbol) [0x0047379E]
	(No symbol) [0x00473C1D]
	GetHandleVerifier [0x00934373+3185251]
	GetHandleVerifier [0x0095291A+3309578]
	GetHandleVerifier [0x0094CF42+3286578]
	GetHandleVerifier [0x006C7AE0+643536]
	(No symbol) [0x005CA20D]
	(No symbol) [0x00472F10]
	(No symbol) [0x00472AD6]
	GetHandleVerifier [0x009D717C+3852396]
	BaseThreadInitThunk [0x76CD5D49+25]
	RtlInitializeExceptionChain [0x771BCEBB+107]
	RtlGetAppContainerNamedObjectPath [0x771BCE41+561]

2025-02-27 21:34:55,579 - INFO - Attempting to answer: Please let us know which state you reside in. with California 
2025-02-27 21:34:55,586 - ERROR - Could not answer question: Please let us know which state you reside in.. Error: Message: invalid session id
Stacktrace:
	GetHandleVerifier [0x00630B43+25139]
	(No symbol) [0x005C13F4]
	(No symbol) [0x004A0340]
	(No symbol) [0x004DB278]
	(No symbol) [0x0050CE86]
	(No symbol) [0x00508861]
	(No symbol) [0x00507DE6]
	(No symbol) [0x00473245]
	(No symbol) [0x0047379E]
	(No symbol) [0x00473C1D]
	GetHandleVerifier [0x00934373+3185251]
	GetHandleVerifier [0x0095291A+3309578]
	GetHandleVerifier [0x0094CF42+3286578]
	GetHandleVerifier [0x006C7AE0+643536]
	(No symbol) [0x005CA20D]
	(No symbol) [0x00472F10]
	(No symbol) [0x00472AD6]
	GetHandleVerifier [0x009D717C+3852396]
	BaseThreadInitThunk [0x76CD5D49+25]
	RtlInitializeExceptionChain [0x771BCEBB+107]
	RtlGetAppContainerNamedObjectPath [0x771BCE41+561]

2025-02-27 21:34:55,587 - INFO - Attempting to answer: Required sponsorship for employment visa status with No
2025-02-27 21:34:55,597 - ERROR - Could not answer question: Required sponsorship for employment visa status. Error: Message: invalid session id
Stacktrace:
	GetHandleVerifier [0x00630B43+25139]
	(No symbol) [0x005C13F4]
	(No symbol) [0x004A0340]
	(No symbol) [0x004DB278]
	(No symbol) [0x0050CE86]
	(No symbol) [0x00508861]
	(No symbol) [0x00507DE6]
	(No symbol) [0x00473245]
	(No symbol) [0x0047379E]
	(No symbol) [0x00473C1D]
	GetHandleVerifier [0x00934373+3185251]
	GetHandleVerifier [0x0095291A+3309578]
	GetHandleVerifier [0x0094CF42+3286578]
	GetHandleVerifier [0x006C7AE0+643536]
	(No symbol) [0x005CA20D]
	(No symbol) [0x00472F10]
	(No symbol) [0x00472AD6]
	GetHandleVerifier [0x009D717C+3852396]
	BaseThreadInitThunk [0x76CD5D49+25]
	RtlInitializeExceptionChain [0x771BCEBB+107]
	RtlGetAppContainerNamedObjectPath [0x771BCE41+561]

2025-02-27 21:34:55,598 - INFO - Attempting to answer: By submitting your application you agree to the handling of your personal data as described in the applicant privacy notice: https://woven.toyota/en/applicant-privacy-notice✱ with I acknowledge
2025-02-27 21:34:55,600 - ERROR - Could not answer question: By submitting your application you agree to the handling of your personal data as described in the applicant privacy notice: https://woven.toyota/en/applicant-privacy-notice✱. Error: Message: invalid session id
Stacktrace:
	GetHandleVerifier [0x00630B43+25139]
	(No symbol) [0x005C13F4]
	(No symbol) [0x004A0340]
	(No symbol) [0x004DB278]
	(No symbol) [0x0050CE86]
	(No symbol) [0x00508861]
	(No symbol) [0x00507DE6]
	(No symbol) [0x00473245]
	(No symbol) [0x0047379E]
	(No symbol) [0x00473C1D]
	GetHandleVerifier [0x00934373+3185251]
	GetHandleVerifier [0x0095291A+3309578]
	GetHandleVerifier [0x0094CF42+3286578]
	GetHandleVerifier [0x006C7AE0+643536]
	(No symbol) [0x005CA20D]
	(No symbol) [0x00472F10]
	(No symbol) [0x00472AD6]
	GetHandleVerifier [0x009D717C+3852396]
	BaseThreadInitThunk [0x76CD5D49+25]
	RtlInitializeExceptionChain [0x771BCEBB+107]
	RtlGetAppContainerNamedObjectPath [0x771BCE41+561]

2025-02-27 21:34:55,600 - INFO - Attempting to answer: What gender do you identify as? with Male
2025-02-27 21:34:55,602 - ERROR - Could not answer question: What gender do you identify as?. Error: Message: invalid session id
Stacktrace:
	GetHandleVerifier [0x00630B43+25139]
	(No symbol) [0x005C13F4]
	(No symbol) [0x004A0340]
	(No symbol) [0x004DB278]
	(No symbol) [0x0050CE86]
	(No symbol) [0x00508861]
	(No symbol) [0x00507DE6]
	(No symbol) [0x00473245]
	(No symbol) [0x0047379E]
	(No symbol) [0x00473C1D]
	GetHandleVerifier [0x00934373+3185251]
	GetHandleVerifier [0x0095291A+3309578]
	GetHandleVerifier [0x0094CF42+3286578]
	GetHandleVerifier [0x006C7AE0+643536]
	(No symbol) [0x005CA20D]
	(No symbol) [0x00472F10]
	(No symbol) [0x00472AD6]
	GetHandleVerifier [0x009D717C+3852396]
	BaseThreadInitThunk [0x76CD5D49+25]
	RtlInitializeExceptionChain [0x771BCEBB+107]
	RtlGetAppContainerNamedObjectPath [0x771BCE41+561]

2025-02-27 21:34:55,602 - INFO - Attempting to answer: Do you consider yourself a member of the Lesbian, Gay, Bisexual and/or Transgender, Queer and Questioning (LGBTQ) community? with No
2025-02-27 21:34:55,611 - ERROR - Could not answer question: Do you consider yourself a member of the Lesbian, Gay, Bisexual and/or Transgender, Queer and Questioning (LGBTQ) community?. Error: Message: invalid session id
Stacktrace:
	GetHandleVerifier [0x00630B43+25139]
	(No symbol) [0x005C13F4]
	(No symbol) [0x004A0340]
	(No symbol) [0x004DB278]
	(No symbol) [0x0050CE86]
	(No symbol) [0x00508861]
	(No symbol) [0x00507DE6]
	(No symbol) [0x00473245]
	(No symbol) [0x0047379E]
	(No symbol) [0x00473C1D]
	GetHandleVerifier [0x00934373+3185251]
	GetHandleVerifier [0x0095291A+3309578]
	GetHandleVerifier [0x0094CF42+3286578]
	GetHandleVerifier [0x006C7AE0+643536]
	(No symbol) [0x005CA20D]
	(No symbol) [0x00472F10]
	(No symbol) [0x00472AD6]
	GetHandleVerifier [0x009D717C+3852396]
	BaseThreadInitThunk [0x76CD5D49+25]
	RtlInitializeExceptionChain [0x771BCEBB+107]
	RtlGetAppContainerNamedObjectPath [0x771BCE41+561]

2025-02-27 21:34:55,611 - INFO - Attempting to answer: Do you identify as a Protected Veteran defined as one of the following: Disabled veteran; Recently separated veteran; Active wartime or campaign badge veteran; Armed Forces service medal veteran? with I decline to answer
2025-02-27 21:34:55,611 - ERROR - Could not answer question: Do you identify as a Protected Veteran defined as one of the following: Disabled veteran; Recently separated veteran; Active wartime or campaign badge veteran; Armed Forces service medal veteran?. Error: Message: invalid session id
Stacktrace:
	GetHandleVerifier [0x00630B43+25139]
	(No symbol) [0x005C13F4]
	(No symbol) [0x004A0340]
	(No symbol) [0x004DB278]
	(No symbol) [0x0050CE86]
	(No symbol) [0x00508861]
	(No symbol) [0x00507DE6]
	(No symbol) [0x00473245]
	(No symbol) [0x0047379E]
	(No symbol) [0x00473C1D]
	GetHandleVerifier [0x00934373+3185251]
	GetHandleVerifier [0x0095291A+3309578]
	GetHandleVerifier [0x0094CF42+3286578]
	GetHandleVerifier [0x006C7AE0+643536]
	(No symbol) [0x005CA20D]
	(No symbol) [0x00472F10]
	(No symbol) [0x00472AD6]
	GetHandleVerifier [0x009D717C+3852396]
	BaseThreadInitThunk [0x76CD5D49+25]
	RtlInitializeExceptionChain [0x771BCEBB+107]
	RtlGetAppContainerNamedObjectPath [0x771BCE41+561]

2025-02-27 21:34:55,611 - INFO - Attempting to answer: Woven by Toyota conducts a thorough pre-employment background check as a condition of employment. This check may include verification of your education, employment history, criminal history, and any other relevant information. If you accept an offer of employment, you consent to this background check and acknowledge that any employment offer is contingent upon satisfactory results with I acknowledge
2025-02-27 21:34:55,611 - ERROR - Could not answer question: Woven by Toyota conducts a thorough pre-employment background check as a condition of employment. This check may include verification of your education, employment history, criminal history, and any other relevant information. If you accept an offer of employment, you consent to this background check and acknowledge that any employment offer is contingent upon satisfactory results. Error: Message: invalid session id
Stacktrace:
	GetHandleVerifier [0x00630B43+25139]
	(No symbol) [0x005C13F4]
	(No symbol) [0x004A0340]
	(No symbol) [0x004DB278]
	(No symbol) [0x0050CE86]
	(No symbol) [0x00508861]
	(No symbol) [0x00507DE6]
	(No symbol) [0x00473245]
	(No symbol) [0x0047379E]
	(No symbol) [0x00473C1D]
	GetHandleVerifier [0x00934373+3185251]
	GetHandleVerifier [0x0095291A+3309578]
	GetHandleVerifier [0x0094CF42+3286578]
	GetHandleVerifier [0x006C7AE0+643536]
	(No symbol) [0x005CA20D]
	(No symbol) [0x00472F10]
	(No symbol) [0x00472AD6]
	GetHandleVerifier [0x009D717C+3852396]
	BaseThreadInitThunk [0x76CD5D49+25]
	RtlInitializeExceptionChain [0x771BCEBB+107]
	RtlGetAppContainerNamedObjectPath [0x771BCE41+561]

2025-02-27 21:34:55,611 - INFO - Attempting to answer: Please review and acknowledge you read and understood the non-disclosure agreement at the following link: https://woven.toyota/en/careers/nda/ with I acknowledge
2025-02-27 21:34:55,619 - ERROR - Could not answer question: Please review and acknowledge you read and understood the non-disclosure agreement at the following link: https://woven.toyota/en/careers/nda/. Error: Message: invalid session id
Stacktrace:
	GetHandleVerifier [0x00630B43+25139]
	(No symbol) [0x005C13F4]
	(No symbol) [0x004A0340]
	(No symbol) [0x004DB278]
	(No symbol) [0x0050CE86]
	(No symbol) [0x00508861]
	(No symbol) [0x00507DE6]
	(No symbol) [0x00473245]
	(No symbol) [0x0047379E]
	(No symbol) [0x00473C1D]
	GetHandleVerifier [0x00934373+3185251]
	GetHandleVerifier [0x0095291A+3309578]
	GetHandleVerifier [0x0094CF42+3286578]
	GetHandleVerifier [0x006C7AE0+643536]
	(No symbol) [0x005CA20D]
	(No symbol) [0x00472F10]
	(No symbol) [0x00472AD6]
	GetHandleVerifier [0x009D717C+3852396]
	BaseThreadInitThunk [0x76CD5D49+25]
	RtlInitializeExceptionChain [0x771BCEBB+107]
	RtlGetAppContainerNamedObjectPath [0x771BCE41+561]

2025-02-27 21:34:55,619 - INFO - Attempting to answer: Woven by Toyota conducts a thorough pre-employment background check as a condition of employment. This check may include verification of your education, employment history, criminal history, and any other relevant information. If you accept an offer of employment, you consent to this background check and acknowledge that any employment offer is contingent upon satisfactory results. with I acknowledge
2025-02-27 21:34:55,621 - ERROR - Could not answer question: Woven by Toyota conducts a thorough pre-employment background check as a condition of employment. This check may include verification of your education, employment history, criminal history, and any other relevant information. If you accept an offer of employment, you consent to this background check and acknowledge that any employment offer is contingent upon satisfactory results.. Error: Message: invalid session id
Stacktrace:
	GetHandleVerifier [0x00630B43+25139]
	(No symbol) [0x005C13F4]
	(No symbol) [0x004A0340]
	(No symbol) [0x004DB278]
	(No symbol) [0x0050CE86]
	(No symbol) [0x00508861]
	(No symbol) [0x00507DE6]
	(No symbol) [0x00473245]
	(No symbol) [0x0047379E]
	(No symbol) [0x00473C1D]
	GetHandleVerifier [0x00934373+3185251]
	GetHandleVerifier [0x0095291A+3309578]
	GetHandleVerifier [0x0094CF42+3286578]
	GetHandleVerifier [0x006C7AE0+643536]
	(No symbol) [0x005CA20D]
	(No symbol) [0x00472F10]
	(No symbol) [0x00472AD6]
	GetHandleVerifier [0x009D717C+3852396]
	BaseThreadInitThunk [0x76CD5D49+25]
	RtlInitializeExceptionChain [0x771BCEBB+107]
	RtlGetAppContainerNamedObjectPath [0x771BCE41+561]

2025-02-27 21:34:55,625 - WARNING - No CAPTCHA found or failed to solve: Message: invalid session id
Stacktrace:
	GetHandleVerifier [0x00630B43+25139]
	(No symbol) [0x005C13F4]
	(No symbol) [0x004A0340]
	(No symbol) [0x004DB278]
	(No symbol) [0x0050CE86]
	(No symbol) [0x00508861]
	(No symbol) [0x00507DE6]
	(No symbol) [0x00473245]
	(No symbol) [0x0047379E]
	(No symbol) [0x00473C1D]
	GetHandleVerifier [0x00934373+3185251]
	GetHandleVerifier [0x0095291A+3309578]
	GetHandleVerifier [0x0094CF42+3286578]
	GetHandleVerifier [0x006C7AE0+643536]
	(No symbol) [0x005CA20D]
	(No symbol) [0x00472F10]
	(No symbol) [0x00472AD6]
	GetHandleVerifier [0x009D717C+3852396]
	BaseThreadInitThunk [0x76CD5D49+25]
	RtlInitializeExceptionChain [0x771BCEBB+107]
	RtlGetAppContainerNamedObjectPath [0x771BCE41+561]

2025-02-27 21:34:55,628 - ERROR - Browser session lost or connection error. Restarting the browser... Error: Message: invalid session id
Stacktrace:
	GetHandleVerifier [0x00630B43+25139]
	(No symbol) [0x005C13F4]
	(No symbol) [0x004A0340]
	(No symbol) [0x004DB278]
	(No symbol) [0x0050CE86]
	(No symbol) [0x00508861]
	(No symbol) [0x00507DE6]
	(No symbol) [0x00473245]
	(No symbol) [0x0047379E]
	(No symbol) [0x00473C1D]
	GetHandleVerifier [0x00934373+3185251]
	GetHandleVerifier [0x0095291A+3309578]
	GetHandleVerifier [0x0094CF42+3286578]
	GetHandleVerifier [0x006C7AE0+643536]
	(No symbol) [0x005CA20D]
	(No symbol) [0x00472F10]
	(No symbol) [0x00472AD6]
	GetHandleVerifier [0x009D717C+3852396]
	BaseThreadInitThunk [0x76CD5D49+25]
	RtlInitializeExceptionChain [0x771BCEBB+107]
	RtlGetAppContainerNamedObjectPath [0x771BCE41+561]

2025-02-27 21:34:55,848 - INFO - Retrying... (1/3)
2025-02-27 21:35:08,162 - INFO - patching driver executable C:\Users\hr\appdata\roaming\undetected_chromedriver\undetected_chromedriver.exe
2025-02-27 21:35:09,435 - INFO - Processing job link: https://jobs.lever.co/woven-by-toyota/0da237aa-d218-4a5e-9bb1-3e2157c5961a/apply?source=LinkedInhttps://jobs.lever.co/concurrency/b6883eea-f36f-4082-b184-58395b433e0e/apply?source=LinkedIn
2025-02-27 21:35:38,666 - WARNING - No 'Apply for this job' button found. Proceeding to the form. Error: Message: 
Stacktrace:
	GetHandleVerifier [0x00E10B43+25139]
	(No symbol) [0x00DA13F4]
	(No symbol) [0x00C804E3]
	(No symbol) [0x00CC83D7]
	(No symbol) [0x00CC872B]
	(No symbol) [0x00D11002]
	(No symbol) [0x00CED014]
	(No symbol) [0x00D0E778]
	(No symbol) [0x00CECDC6]
	(No symbol) [0x00CBBDE9]
	(No symbol) [0x00CBD124]
	GetHandleVerifier [0x01114373+3185251]
	GetHandleVerifier [0x0113291A+3309578]
	GetHandleVerifier [0x0112CF42+3286578]
	GetHandleVerifier [0x00EA7AE0+643536]
	(No symbol) [0x00DAA20D]
	(No symbol) [0x00DA70B8]
	(No symbol) [0x00DA7257]
	(No symbol) [0x00D99E00]
	BaseThreadInitThunk [0x76CD5D49+25]
	RtlInitializeExceptionChain [0x771BCEBB+107]
	RtlGetAppContainerNamedObjectPath [0x771BCE41+561]

2025-02-27 21:35:47,056 - INFO - Uploaded resume from: C:\Users\hr\OneDrive\Desktop\LeverAutomation\LEVER\Resumes\Sunil Resume.pdf
2025-02-27 21:35:49,572 - INFO - LinkedIn profile filled successfully.
2025-02-27 21:35:51,975 - INFO - Attempting to answer: Are you open to a hybrid schedule, based in the SF Bay Area? with Yes
2025-02-27 21:36:02,147 - ERROR - Could not answer question: Are you open to a hybrid schedule, based in the SF Bay Area?. Error: Message: 
Stacktrace:
	GetHandleVerifier [0x00E10B43+25139]
	(No symbol) [0x00DA13F4]
	(No symbol) [0x00C804E3]
	(No symbol) [0x00CC83D7]
	(No symbol) [0x00CC872B]
	(No symbol) [0x00D11002]
	(No symbol) [0x00CED014]
	(No symbol) [0x00D0E778]
	(No symbol) [0x00CECDC6]
	(No symbol) [0x00CBBDE9]
	(No symbol) [0x00CBD124]
	GetHandleVerifier [0x01114373+3185251]
	GetHandleVerifier [0x0113291A+3309578]
	GetHandleVerifier [0x0112CF42+3286578]
	GetHandleVerifier [0x00EA7AE0+643536]
	(No symbol) [0x00DAA20D]
	(No symbol) [0x00DA70B8]
	(No symbol) [0x00DA7257]
	(No symbol) [0x00D99E00]
	BaseThreadInitThunk [0x76CD5D49+25]
	RtlInitializeExceptionChain [0x771BCEBB+107]
	RtlGetAppContainerNamedObjectPath [0x771BCE41+561]

2025-02-27 21:36:02,147 - INFO - Attempting to answer: Are you authorized to work in the United States? with No
2025-02-27 21:36:12,661 - ERROR - Could not answer question: Are you authorized to work in the United States?. Error: Message: 
Stacktrace:
	GetHandleVerifier [0x00E10B43+25139]
	(No symbol) [0x00DA13F4]
	(No symbol) [0x00C804E3]
	(No symbol) [0x00CC83D7]
	(No symbol) [0x00CC872B]
	(No symbol) [0x00D11002]
	(No symbol) [0x00CED014]
	(No symbol) [0x00D0E778]
	(No symbol) [0x00CECDC6]
	(No symbol) [0x00CBBDE9]
	(No symbol) [0x00CBD124]
	GetHandleVerifier [0x01114373+3185251]
	GetHandleVerifier [0x0113291A+3309578]
	GetHandleVerifier [0x0112CF42+3286578]
	GetHandleVerifier [0x00EA7AE0+643536]
	(No symbol) [0x00DAA20D]
	(No symbol) [0x00DA70B8]
	(No symbol) [0x00DA7257]
	(No symbol) [0x00D99E00]
	BaseThreadInitThunk [0x76CD5D49+25]
	RtlInitializeExceptionChain [0x771BCEBB+107]
	RtlGetAppContainerNamedObjectPath [0x771BCE41+561]

2025-02-27 21:36:12,661 - INFO - Attempting to answer: Describe your experience with Python and which libraries you use during your day to day with I have 6 months of experience with Python. I frequently use libraries like Pandas, NumPy, and Matplotlib for data analysis and visualization.
2025-02-27 21:36:22,788 - ERROR - Could not answer question: Describe your experience with Python and which libraries you use during your day to day. Error: Message: 
Stacktrace:
	GetHandleVerifier [0x00E10B43+25139]
	(No symbol) [0x00DA13F4]
	(No symbol) [0x00C804E3]
	(No symbol) [0x00CC83D7]
	(No symbol) [0x00CC872B]
	(No symbol) [0x00D11002]
	(No symbol) [0x00CED014]
	(No symbol) [0x00D0E778]
	(No symbol) [0x00CECDC6]
	(No symbol) [0x00CBBDE9]
	(No symbol) [0x00CBD124]
	GetHandleVerifier [0x01114373+3185251]
	GetHandleVerifier [0x0113291A+3309578]
	GetHandleVerifier [0x0112CF42+3286578]
	GetHandleVerifier [0x00EA7AE0+643536]
	(No symbol) [0x00DAA20D]
	(No symbol) [0x00DA70B8]
	(No symbol) [0x00DA7257]
	(No symbol) [0x00D99E00]
	BaseThreadInitThunk [0x76CD5D49+25]
	RtlInitializeExceptionChain [0x771BCEBB+107]
	RtlGetAppContainerNamedObjectPath [0x771BCE41+561]

2025-02-27 21:36:22,788 - INFO - Attempting to answer: Describe your experience with Azure and which features you have worked with professionally with I have 4 years of experience working with Microsoft Azure. I have extensively used Azure Virtual Machines, Azure Storage, Azure SQL Database, and Azure Kubernetes Service (AKS). I have also worked with Azure DevOps for CI/CD pipelines and Azure Monitor for logging and monitoring.
2025-02-27 21:36:32,811 - ERROR - Could not answer question: Describe your experience with Azure and which features you have worked with professionally. Error: Message: 
Stacktrace:
	GetHandleVerifier [0x00E10B43+25139]
	(No symbol) [0x00DA13F4]
	(No symbol) [0x00C804E3]
	(No symbol) [0x00CC83D7]
	(No symbol) [0x00CC872B]
	(No symbol) [0x00D11002]
	(No symbol) [0x00CED014]
	(No symbol) [0x00D0E778]
	(No symbol) [0x00CECDC6]
	(No symbol) [0x00CBBDE9]
	(No symbol) [0x00CBD124]
	GetHandleVerifier [0x01114373+3185251]
	GetHandleVerifier [0x0113291A+3309578]
	GetHandleVerifier [0x0112CF42+3286578]
	GetHandleVerifier [0x00EA7AE0+643536]
	(No symbol) [0x00DAA20D]
	(No symbol) [0x00DA70B8]
	(No symbol) [0x00DA7257]
	(No symbol) [0x00D99E00]
	BaseThreadInitThunk [0x76CD5D49+25]
	RtlInitializeExceptionChain [0x771BCEBB+107]
	RtlGetAppContainerNamedObjectPath [0x771BCE41+561]

2025-02-27 21:36:32,811 - INFO - Attempting to answer: Describe your experience with OOP best practices with I have extensive experience with Object-Oriented Programming (OOP) best practices. I follow principles such as SOLID (Single Responsibility, Open/Closed, Liskov Substitution, Interface Segregation, and Dependency Inversion) to write clean, maintainable, and scalable code. I also use design patterns like Singleton, Factory, and Observer to solve common problems. Additionally, I ensure proper encapsulation, inheritance, and polymorphism in my code to improve reusability and readability.
2025-02-27 21:36:42,947 - ERROR - Could not answer question: Describe your experience with OOP best practices. Error: Message: 
Stacktrace:
	GetHandleVerifier [0x00E10B43+25139]
	(No symbol) [0x00DA13F4]
	(No symbol) [0x00C804E3]
	(No symbol) [0x00CC83D7]
	(No symbol) [0x00CC872B]
	(No symbol) [0x00D11002]
	(No symbol) [0x00CED014]
	(No symbol) [0x00D0E778]
	(No symbol) [0x00CECDC6]
	(No symbol) [0x00CBBDE9]
	(No symbol) [0x00CBD124]
	GetHandleVerifier [0x01114373+3185251]
	GetHandleVerifier [0x0113291A+3309578]
	GetHandleVerifier [0x0112CF42+3286578]
	GetHandleVerifier [0x00EA7AE0+643536]
	(No symbol) [0x00DAA20D]
	(No symbol) [0x00DA70B8]
	(No symbol) [0x00DA7257]
	(No symbol) [0x00D99E00]
	BaseThreadInitThunk [0x76CD5D49+25]
	RtlInitializeExceptionChain [0x771BCEBB+107]
	RtlGetAppContainerNamedObjectPath [0x771BCE41+561]

2025-02-27 21:36:42,947 - INFO - Attempting to answer: Please let us know which state you reside in. with California 
2025-02-27 21:36:53,001 - ERROR - Could not answer question: Please let us know which state you reside in.. Error: Message: 
Stacktrace:
	GetHandleVerifier [0x00E10B43+25139]
	(No symbol) [0x00DA13F4]
	(No symbol) [0x00C804E3]
	(No symbol) [0x00CC83D7]
	(No symbol) [0x00CC872B]
	(No symbol) [0x00D11002]
	(No symbol) [0x00CED014]
	(No symbol) [0x00D0E778]
	(No symbol) [0x00CECDC6]
	(No symbol) [0x00CBBDE9]
	(No symbol) [0x00CBD124]
	GetHandleVerifier [0x01114373+3185251]
	GetHandleVerifier [0x0113291A+3309578]
	GetHandleVerifier [0x0112CF42+3286578]
	GetHandleVerifier [0x00EA7AE0+643536]
	(No symbol) [0x00DAA20D]
	(No symbol) [0x00DA70B8]
	(No symbol) [0x00DA7257]
	(No symbol) [0x00D99E00]
	BaseThreadInitThunk [0x76CD5D49+25]
	RtlInitializeExceptionChain [0x771BCEBB+107]
	RtlGetAppContainerNamedObjectPath [0x771BCE41+561]

2025-02-27 21:36:53,003 - INFO - Attempting to answer: Required sponsorship for employment visa status with No
2025-02-27 23:07:23,377 - INFO - Read question: Are you open to a hybrid schedule, based in the SF Bay Area? with answer: Yes
2025-02-27 23:07:23,377 - INFO - Read question: Are you authorized to work in the United States? with answer: No
2025-02-27 23:07:23,377 - INFO - Read question: Describe your experience with Python and which libraries you use during your day to day with answer: I have 6 months of experience with Python. I frequently use libraries like Pandas, NumPy, and Matplotlib for data analysis and visualization.
2025-02-27 23:07:23,377 - INFO - Read question: Describe your experience with Azure and which features you have worked with professionally with answer: I have 4 years of experience working with Microsoft Azure. I have extensively used Azure Virtual Machines, Azure Storage, Azure SQL Database, and Azure Kubernetes Service (AKS). I have also worked with Azure DevOps for CI/CD pipelines and Azure Monitor for logging and monitoring.
2025-02-27 23:07:23,377 - INFO - Read question: Describe your experience with OOP best practices with answer: I have extensive experience with Object-Oriented Programming (OOP) best practices. I follow principles such as SOLID (Single Responsibility, Open/Closed, Liskov Substitution, Interface Segregation, and Dependency Inversion) to write clean, maintainable, and scalable code. I also use design patterns like Singleton, Factory, and Observer to solve common problems. Additionally, I ensure proper encapsulation, inheritance, and polymorphism in my code to improve reusability and readability.
2025-02-27 23:07:23,377 - INFO - Read question: Please let us know which state you reside in. with answer: California 
2025-02-27 23:07:23,377 - INFO - Read question: Required sponsorship for employment visa status with answer: No
2025-02-27 23:07:23,377 - INFO - Read question: By submitting your application you agree to the handling of your personal data as described in the applicant privacy notice: https://woven.toyota/en/applicant-privacy-notice✱ with answer: I acknowledge
2025-02-27 23:07:23,377 - INFO - Read question: What gender do you identify as? with answer: Male
2025-02-27 23:07:23,377 - INFO - Read question: Do you consider yourself a member of the Lesbian, Gay, Bisexual and/or Transgender, Queer and Questioning (LGBTQ) community? with answer: No
2025-02-27 23:07:23,377 - INFO - Read question: Do you identify as a Protected Veteran defined as one of the following: Disabled veteran; Recently separated veteran; Active wartime or campaign badge veteran; Armed Forces service medal veteran? with answer: I decline to answer
2025-02-27 23:07:23,377 - INFO - Read question: Woven by Toyota conducts a thorough pre-employment background check as a condition of employment. This check may include verification of your education, employment history, criminal history, and any other relevant information. If you accept an offer of employment, you consent to this background check and acknowledge that any employment offer is contingent upon satisfactory results with answer: I acknowledge
2025-02-27 23:07:23,377 - INFO - Read question: Please review and acknowledge you read and understood the non-disclosure agreement at the following link: https://woven.toyota/en/careers/nda/ with answer: I acknowledge
2025-02-27 23:07:23,377 - INFO - Read question: Woven by Toyota conducts a thorough pre-employment background check as a condition of employment. This check may include verification of your education, employment history, criminal history, and any other relevant information. If you accept an offer of employment, you consent to this background check and acknowledge that any employment offer is contingent upon satisfactory results. with answer: I acknowledge
2025-02-27 23:07:24,359 - INFO - patching driver executable C:\Users\hr\appdata\roaming\undetected_chromedriver\undetected_chromedriver.exe
2025-02-27 23:07:25,536 - INFO - Processing job link: https://jobs.lever.co/woven-by-toyota/0da237aa-d218-4a5e-9bb1-3e2157c5961a/apply?source=LinkedInhttps://jobs.lever.co/concurrency/b6883eea-f36f-4082-b184-58395b433e0e/apply?source=LinkedIn
2025-02-27 23:07:48,522 - WARNING - No 'Apply for this job' button found. Proceeding to the form. Error: Message: 
Stacktrace:
	GetHandleVerifier [0x00580B43+25139]
	(No symbol) [0x005113F4]
	(No symbol) [0x003F04E3]
	(No symbol) [0x004383D7]
	(No symbol) [0x0043872B]
	(No symbol) [0x00481002]
	(No symbol) [0x0045D014]
	(No symbol) [0x0047E778]
	(No symbol) [0x0045CDC6]
	(No symbol) [0x0042BDE9]
	(No symbol) [0x0042D124]
	GetHandleVerifier [0x00884373+3185251]
	GetHandleVerifier [0x008A291A+3309578]
	GetHandleVerifier [0x0089CF42+3286578]
	GetHandleVerifier [0x00617AE0+643536]
	(No symbol) [0x0051A20D]
	(No symbol) [0x005170B8]
	(No symbol) [0x00517257]
	(No symbol) [0x00509E00]
	BaseThreadInitThunk [0x76CD5D49+25]
	RtlInitializeExceptionChain [0x771BCEBB+107]
	RtlGetAppContainerNamedObjectPath [0x771BCE41+561]

2025-02-27 23:07:56,240 - INFO - Uploaded resume from: C:\Users\hr\OneDrive\Desktop\LeverAutomation\LEVER\Resumes\Sunil Resume.pdf
2025-02-27 23:08:00,965 - INFO - LinkedIn profile filled successfully.
2025-02-27 23:08:03,429 - INFO - Attempting to answer: Are you open to a hybrid schedule, based in the SF Bay Area? with Yes
2025-02-27 23:08:03,431 - INFO - Attempting to answer: Are you open to a hybrid schedule, based in the SF Bay Area? with Yes
2025-02-27 23:08:13,561 - ERROR - Failed to handle text input for question: Are you open to a hybrid schedule, based in the SF Bay Area?. Error: Message: 
Stacktrace:
	GetHandleVerifier [0x00580B43+25139]
	(No symbol) [0x005113F4]
	(No symbol) [0x003F04E3]
	(No symbol) [0x004383D7]
	(No symbol) [0x0043872B]
	(No symbol) [0x00481002]
	(No symbol) [0x0045D014]
	(No symbol) [0x0047E778]
	(No symbol) [0x0045CDC6]
	(No symbol) [0x0042BDE9]
	(No symbol) [0x0042D124]
	GetHandleVerifier [0x00884373+3185251]
	GetHandleVerifier [0x008A291A+3309578]
	GetHandleVerifier [0x0089CF42+3286578]
	GetHandleVerifier [0x00617AE0+643536]
	(No symbol) [0x0051A20D]
	(No symbol) [0x005170B8]
	(No symbol) [0x00517257]
	(No symbol) [0x00509E00]
	BaseThreadInitThunk [0x76CD5D49+25]
	RtlInitializeExceptionChain [0x771BCEBB+107]
	RtlGetAppContainerNamedObjectPath [0x771BCE41+561]

2025-02-27 23:08:13,561 - INFO - Attempting to answer: Are you open to a hybrid schedule, based in the SF Bay Area? with Yes
2025-02-27 23:08:24,028 - ERROR - Failed to handle radio button for question: Are you open to a hybrid schedule, based in the SF Bay Area?. Error: Message: 

2025-02-27 23:08:24,028 - INFO - Attempting to answer: Are you authorized to work in the United States? with No
2025-02-27 23:08:24,028 - INFO - Attempting to answer: Are you authorized to work in the United States? with No
2025-02-27 23:08:34,082 - ERROR - Failed to handle text input for question: Are you authorized to work in the United States?. Error: Message: 
Stacktrace:
	GetHandleVerifier [0x00580B43+25139]
	(No symbol) [0x005113F4]
	(No symbol) [0x003F04E3]
	(No symbol) [0x004383D7]
	(No symbol) [0x0043872B]
	(No symbol) [0x00481002]
	(No symbol) [0x0045D014]
	(No symbol) [0x0047E778]
	(No symbol) [0x0045CDC6]
	(No symbol) [0x0042BDE9]
	(No symbol) [0x0042D124]
	GetHandleVerifier [0x00884373+3185251]
	GetHandleVerifier [0x008A291A+3309578]
	GetHandleVerifier [0x0089CF42+3286578]
	GetHandleVerifier [0x00617AE0+643536]
	(No symbol) [0x0051A20D]
	(No symbol) [0x005170B8]
	(No symbol) [0x00517257]
	(No symbol) [0x00509E00]
	BaseThreadInitThunk [0x76CD5D49+25]
	RtlInitializeExceptionChain [0x771BCEBB+107]
	RtlGetAppContainerNamedObjectPath [0x771BCE41+561]

2025-02-27 23:08:34,082 - INFO - Attempting to answer: Are you authorized to work in the United States? with No
2025-02-27 23:08:44,141 - ERROR - Failed to handle radio button for question: Are you authorized to work in the United States?. Error: Message: 

2025-02-27 23:08:44,141 - INFO - Attempting to answer: Describe your experience with Python and which libraries you use during your day to day with I have 6 months of experience with Python. I frequently use libraries like Pandas, NumPy, and Matplotlib for data analysis and visualization.
2025-02-27 23:08:44,141 - INFO - Attempting to answer: Describe your experience with Python and which libraries you use during your day to day with I have 6 months of experience with Python. I frequently use libraries like Pandas, NumPy, and Matplotlib for data analysis and visualization.
2025-02-27 23:08:54,675 - ERROR - Failed to handle text input for question: Describe your experience with Python and which libraries you use during your day to day. Error: Message: 
Stacktrace:
	GetHandleVerifier [0x00580B43+25139]
	(No symbol) [0x005113F4]
	(No symbol) [0x003F04E3]
	(No symbol) [0x004383D7]
	(No symbol) [0x0043872B]
	(No symbol) [0x00481002]
	(No symbol) [0x0045D014]
	(No symbol) [0x0047E778]
	(No symbol) [0x0045CDC6]
	(No symbol) [0x0042BDE9]
	(No symbol) [0x0042D124]
	GetHandleVerifier [0x00884373+3185251]
	GetHandleVerifier [0x008A291A+3309578]
	GetHandleVerifier [0x0089CF42+3286578]
	GetHandleVerifier [0x00617AE0+643536]
	(No symbol) [0x0051A20D]
	(No symbol) [0x005170B8]
	(No symbol) [0x00517257]
	(No symbol) [0x00509E00]
	BaseThreadInitThunk [0x76CD5D49+25]
	RtlInitializeExceptionChain [0x771BCEBB+107]
	RtlGetAppContainerNamedObjectPath [0x771BCE41+561]

2025-02-27 23:08:54,676 - INFO - Attempting to answer: Describe your experience with Python and which libraries you use during your day to day with I have 6 months of experience with Python. I frequently use libraries like Pandas, NumPy, and Matplotlib for data analysis and visualization.
2025-02-27 23:09:04,752 - ERROR - Failed to handle radio button for question: Describe your experience with Python and which libraries you use during your day to day. Error: Message: 

2025-02-27 23:09:04,752 - INFO - Attempting to answer: Describe your experience with Azure and which features you have worked with professionally with I have 4 years of experience working with Microsoft Azure. I have extensively used Azure Virtual Machines, Azure Storage, Azure SQL Database, and Azure Kubernetes Service (AKS). I have also worked with Azure DevOps for CI/CD pipelines and Azure Monitor for logging and monitoring.
2025-02-27 23:09:04,752 - INFO - Attempting to answer: Describe your experience with Azure and which features you have worked with professionally with I have 4 years of experience working with Microsoft Azure. I have extensively used Azure Virtual Machines, Azure Storage, Azure SQL Database, and Azure Kubernetes Service (AKS). I have also worked with Azure DevOps for CI/CD pipelines and Azure Monitor for logging and monitoring.
2025-02-27 23:09:14,827 - ERROR - Failed to handle text input for question: Describe your experience with Azure and which features you have worked with professionally. Error: Message: 
Stacktrace:
	GetHandleVerifier [0x00580B43+25139]
	(No symbol) [0x005113F4]
	(No symbol) [0x003F04E3]
	(No symbol) [0x004383D7]
	(No symbol) [0x0043872B]
	(No symbol) [0x00481002]
	(No symbol) [0x0045D014]
	(No symbol) [0x0047E778]
	(No symbol) [0x0045CDC6]
	(No symbol) [0x0042BDE9]
	(No symbol) [0x0042D124]
	GetHandleVerifier [0x00884373+3185251]
	GetHandleVerifier [0x008A291A+3309578]
	GetHandleVerifier [0x0089CF42+3286578]
	GetHandleVerifier [0x00617AE0+643536]
	(No symbol) [0x0051A20D]
	(No symbol) [0x005170B8]
	(No symbol) [0x00517257]
	(No symbol) [0x00509E00]
	BaseThreadInitThunk [0x76CD5D49+25]
	RtlInitializeExceptionChain [0x771BCEBB+107]
	RtlGetAppContainerNamedObjectPath [0x771BCE41+561]

2025-02-27 23:09:14,828 - INFO - Attempting to answer: Describe your experience with Azure and which features you have worked with professionally with I have 4 years of experience working with Microsoft Azure. I have extensively used Azure Virtual Machines, Azure Storage, Azure SQL Database, and Azure Kubernetes Service (AKS). I have also worked with Azure DevOps for CI/CD pipelines and Azure Monitor for logging and monitoring.
2025-02-27 23:09:24,879 - ERROR - Failed to handle radio button for question: Describe your experience with Azure and which features you have worked with professionally. Error: Message: 

2025-02-27 23:09:24,879 - INFO - Attempting to answer: Describe your experience with OOP best practices with I have extensive experience with Object-Oriented Programming (OOP) best practices. I follow principles such as SOLID (Single Responsibility, Open/Closed, Liskov Substitution, Interface Segregation, and Dependency Inversion) to write clean, maintainable, and scalable code. I also use design patterns like Singleton, Factory, and Observer to solve common problems. Additionally, I ensure proper encapsulation, inheritance, and polymorphism in my code to improve reusability and readability.
2025-02-27 23:09:24,879 - INFO - Attempting to answer: Describe your experience with OOP best practices with I have extensive experience with Object-Oriented Programming (OOP) best practices. I follow principles such as SOLID (Single Responsibility, Open/Closed, Liskov Substitution, Interface Segregation, and Dependency Inversion) to write clean, maintainable, and scalable code. I also use design patterns like Singleton, Factory, and Observer to solve common problems. Additionally, I ensure proper encapsulation, inheritance, and polymorphism in my code to improve reusability and readability.
2025-02-27 23:09:34,960 - ERROR - Failed to handle text input for question: Describe your experience with OOP best practices. Error: Message: 
Stacktrace:
	GetHandleVerifier [0x00580B43+25139]
	(No symbol) [0x005113F4]
	(No symbol) [0x003F04E3]
	(No symbol) [0x004383D7]
	(No symbol) [0x0043872B]
	(No symbol) [0x00481002]
	(No symbol) [0x0045D014]
	(No symbol) [0x0047E778]
	(No symbol) [0x0045CDC6]
	(No symbol) [0x0042BDE9]
	(No symbol) [0x0042D124]
	GetHandleVerifier [0x00884373+3185251]
	GetHandleVerifier [0x008A291A+3309578]
	GetHandleVerifier [0x0089CF42+3286578]
	GetHandleVerifier [0x00617AE0+643536]
	(No symbol) [0x0051A20D]
	(No symbol) [0x005170B8]
	(No symbol) [0x00517257]
	(No symbol) [0x00509E00]
	BaseThreadInitThunk [0x76CD5D49+25]
	RtlInitializeExceptionChain [0x771BCEBB+107]
	RtlGetAppContainerNamedObjectPath [0x771BCE41+561]

2025-02-27 23:09:34,960 - INFO - Attempting to answer: Describe your experience with OOP best practices with I have extensive experience with Object-Oriented Programming (OOP) best practices. I follow principles such as SOLID (Single Responsibility, Open/Closed, Liskov Substitution, Interface Segregation, and Dependency Inversion) to write clean, maintainable, and scalable code. I also use design patterns like Singleton, Factory, and Observer to solve common problems. Additionally, I ensure proper encapsulation, inheritance, and polymorphism in my code to improve reusability and readability.
2025-02-27 23:09:45,051 - ERROR - Failed to handle radio button for question: Describe your experience with OOP best practices. Error: Message: 

2025-02-27 23:09:45,051 - INFO - Attempting to answer: Please let us know which state you reside in. with California 
2025-02-27 23:09:45,051 - INFO - Attempting to answer: Please let us know which state you reside in. with California 
2025-02-27 23:09:55,098 - ERROR - Failed to handle text input for question: Please let us know which state you reside in.. Error: Message: 
Stacktrace:
	GetHandleVerifier [0x00580B43+25139]
	(No symbol) [0x005113F4]
	(No symbol) [0x003F04E3]
	(No symbol) [0x004383D7]
	(No symbol) [0x0043872B]
	(No symbol) [0x00481002]
	(No symbol) [0x0045D014]
	(No symbol) [0x0047E778]
	(No symbol) [0x0045CDC6]
	(No symbol) [0x0042BDE9]
	(No symbol) [0x0042D124]
	GetHandleVerifier [0x00884373+3185251]
	GetHandleVerifier [0x008A291A+3309578]
	GetHandleVerifier [0x0089CF42+3286578]
	GetHandleVerifier [0x00617AE0+643536]
	(No symbol) [0x0051A20D]
	(No symbol) [0x005170B8]
	(No symbol) [0x00517257]
	(No symbol) [0x00509E00]
	BaseThreadInitThunk [0x76CD5D49+25]
	RtlInitializeExceptionChain [0x771BCEBB+107]
	RtlGetAppContainerNamedObjectPath [0x771BCE41+561]

2025-02-27 23:09:55,107 - INFO - Attempting to answer: Please let us know which state you reside in. with California 
2025-02-27 23:10:05,194 - ERROR - Failed to handle radio button for question: Please let us know which state you reside in.. Error: Message: 

2025-02-27 23:10:05,194 - INFO - Attempting to answer: Required sponsorship for employment visa status with No
2025-02-27 23:10:05,194 - INFO - Attempting to answer: Required sponsorship for employment visa status with No
2025-02-27 23:10:15,262 - ERROR - Failed to handle text input for question: Required sponsorship for employment visa status. Error: Message: 
Stacktrace:
	GetHandleVerifier [0x00580B43+25139]
	(No symbol) [0x005113F4]
	(No symbol) [0x003F04E3]
	(No symbol) [0x004383D7]
	(No symbol) [0x0043872B]
	(No symbol) [0x00481002]
	(No symbol) [0x0045D014]
	(No symbol) [0x0047E778]
	(No symbol) [0x0045CDC6]
	(No symbol) [0x0042BDE9]
	(No symbol) [0x0042D124]
	GetHandleVerifier [0x00884373+3185251]
	GetHandleVerifier [0x008A291A+3309578]
	GetHandleVerifier [0x0089CF42+3286578]
	GetHandleVerifier [0x00617AE0+643536]
	(No symbol) [0x0051A20D]
	(No symbol) [0x005170B8]
	(No symbol) [0x00517257]
	(No symbol) [0x00509E00]
	BaseThreadInitThunk [0x76CD5D49+25]
	RtlInitializeExceptionChain [0x771BCEBB+107]
	RtlGetAppContainerNamedObjectPath [0x771BCE41+561]

2025-02-27 23:10:15,264 - INFO - Attempting to answer: Required sponsorship for employment visa status with No
2025-02-27 23:10:25,298 - ERROR - Failed to handle radio button for question: Required sponsorship for employment visa status. Error: Message: 

2025-02-27 23:10:25,298 - INFO - Attempting to answer: By submitting your application you agree to the handling of your personal data as described in the applicant privacy notice: https://woven.toyota/en/applicant-privacy-notice✱ with I acknowledge
2025-02-27 23:10:25,298 - INFO - Attempting to answer: By submitting your application you agree to the handling of your personal data as described in the applicant privacy notice: https://woven.toyota/en/applicant-privacy-notice✱ with I acknowledge
2025-02-27 23:10:35,508 - ERROR - Failed to handle text input for question: By submitting your application you agree to the handling of your personal data as described in the applicant privacy notice: https://woven.toyota/en/applicant-privacy-notice✱. Error: Message: 
Stacktrace:
	GetHandleVerifier [0x00580B43+25139]
	(No symbol) [0x005113F4]
	(No symbol) [0x003F04E3]
	(No symbol) [0x004383D7]
	(No symbol) [0x0043872B]
	(No symbol) [0x00481002]
	(No symbol) [0x0045D014]
	(No symbol) [0x0047E778]
	(No symbol) [0x0045CDC6]
	(No symbol) [0x0042BDE9]
	(No symbol) [0x0042D124]
	GetHandleVerifier [0x00884373+3185251]
	GetHandleVerifier [0x008A291A+3309578]
	GetHandleVerifier [0x0089CF42+3286578]
	GetHandleVerifier [0x00617AE0+643536]
	(No symbol) [0x0051A20D]
	(No symbol) [0x005170B8]
	(No symbol) [0x00517257]
	(No symbol) [0x00509E00]
	BaseThreadInitThunk [0x76CD5D49+25]
	RtlInitializeExceptionChain [0x771BCEBB+107]
	RtlGetAppContainerNamedObjectPath [0x771BCE41+561]

2025-02-27 23:10:35,508 - INFO - Attempting to answer: By submitting your application you agree to the handling of your personal data as described in the applicant privacy notice: https://woven.toyota/en/applicant-privacy-notice✱ with I acknowledge
2025-02-27 23:10:45,602 - ERROR - Failed to handle radio button for question: By submitting your application you agree to the handling of your personal data as described in the applicant privacy notice: https://woven.toyota/en/applicant-privacy-notice✱. Error: Message: 

2025-02-27 23:10:45,602 - INFO - Attempting to answer: What gender do you identify as? with Male
2025-02-27 23:10:45,602 - INFO - Attempting to answer: What gender do you identify as? with Male
2025-02-27 23:10:55,769 - ERROR - Failed to handle text input for question: What gender do you identify as?. Error: Message: 
Stacktrace:
	GetHandleVerifier [0x00580B43+25139]
	(No symbol) [0x005113F4]
	(No symbol) [0x003F04E3]
	(No symbol) [0x004383D7]
	(No symbol) [0x0043872B]
	(No symbol) [0x00481002]
	(No symbol) [0x0045D014]
	(No symbol) [0x0047E778]
	(No symbol) [0x0045CDC6]
	(No symbol) [0x0042BDE9]
	(No symbol) [0x0042D124]
	GetHandleVerifier [0x00884373+3185251]
	GetHandleVerifier [0x008A291A+3309578]
	GetHandleVerifier [0x0089CF42+3286578]
	GetHandleVerifier [0x00617AE0+643536]
	(No symbol) [0x0051A20D]
	(No symbol) [0x005170B8]
	(No symbol) [0x00517257]
	(No symbol) [0x00509E00]
	BaseThreadInitThunk [0x76CD5D49+25]
	RtlInitializeExceptionChain [0x771BCEBB+107]
	RtlGetAppContainerNamedObjectPath [0x771BCE41+561]

2025-02-27 23:10:55,769 - INFO - Attempting to answer: What gender do you identify as? with Male
2025-02-27 23:10:55,871 - INFO - Selected 'Male' for question: What gender do you identify as?
2025-02-27 23:10:55,872 - INFO - Attempting to answer: Do you consider yourself a member of the Lesbian, Gay, Bisexual and/or Transgender, Queer and Questioning (LGBTQ) community? with No
2025-02-27 23:10:55,873 - INFO - Attempting to answer: Do you consider yourself a member of the Lesbian, Gay, Bisexual and/or Transgender, Queer and Questioning (LGBTQ) community? with No
2025-02-27 23:11:05,921 - ERROR - Failed to handle text input for question: Do you consider yourself a member of the Lesbian, Gay, Bisexual and/or Transgender, Queer and Questioning (LGBTQ) community?. Error: Message: 
Stacktrace:
	GetHandleVerifier [0x00580B43+25139]
	(No symbol) [0x005113F4]
	(No symbol) [0x003F04E3]
	(No symbol) [0x004383D7]
	(No symbol) [0x0043872B]
	(No symbol) [0x00481002]
	(No symbol) [0x0045D014]
	(No symbol) [0x0047E778]
	(No symbol) [0x0045CDC6]
	(No symbol) [0x0042BDE9]
	(No symbol) [0x0042D124]
	GetHandleVerifier [0x00884373+3185251]
	GetHandleVerifier [0x008A291A+3309578]
	GetHandleVerifier [0x0089CF42+3286578]
	GetHandleVerifier [0x00617AE0+643536]
	(No symbol) [0x0051A20D]
	(No symbol) [0x005170B8]
	(No symbol) [0x00517257]
	(No symbol) [0x00509E00]
	BaseThreadInitThunk [0x76CD5D49+25]
	RtlInitializeExceptionChain [0x771BCEBB+107]
	RtlGetAppContainerNamedObjectPath [0x771BCE41+561]

2025-02-27 23:11:05,921 - INFO - Attempting to answer: Do you consider yourself a member of the Lesbian, Gay, Bisexual and/or Transgender, Queer and Questioning (LGBTQ) community? with No
2025-02-27 23:11:05,992 - INFO - Selected 'No' for question: Do you consider yourself a member of the Lesbian, Gay, Bisexual and/or Transgender, Queer and Questioning (LGBTQ) community?
2025-02-27 23:11:05,992 - INFO - Attempting to answer: Do you identify as a Protected Veteran defined as one of the following: Disabled veteran; Recently separated veteran; Active wartime or campaign badge veteran; Armed Forces service medal veteran? with I decline to answer
2025-02-27 23:11:05,992 - INFO - Attempting to answer: Do you identify as a Protected Veteran defined as one of the following: Disabled veteran; Recently separated veteran; Active wartime or campaign badge veteran; Armed Forces service medal veteran? with I decline to answer
2025-02-27 23:11:16,277 - ERROR - Failed to handle text input for question: Do you identify as a Protected Veteran defined as one of the following: Disabled veteran; Recently separated veteran; Active wartime or campaign badge veteran; Armed Forces service medal veteran?. Error: Message: 
Stacktrace:
	GetHandleVerifier [0x00580B43+25139]
	(No symbol) [0x005113F4]
	(No symbol) [0x003F04E3]
	(No symbol) [0x004383D7]
	(No symbol) [0x0043872B]
	(No symbol) [0x00481002]
	(No symbol) [0x0045D014]
	(No symbol) [0x0047E778]
	(No symbol) [0x0045CDC6]
	(No symbol) [0x0042BDE9]
	(No symbol) [0x0042D124]
	GetHandleVerifier [0x00884373+3185251]
	GetHandleVerifier [0x008A291A+3309578]
	GetHandleVerifier [0x0089CF42+3286578]
	GetHandleVerifier [0x00617AE0+643536]
	(No symbol) [0x0051A20D]
	(No symbol) [0x005170B8]
	(No symbol) [0x00517257]
	(No symbol) [0x00509E00]
	BaseThreadInitThunk [0x76CD5D49+25]
	RtlInitializeExceptionChain [0x771BCEBB+107]
	RtlGetAppContainerNamedObjectPath [0x771BCE41+561]

2025-02-27 23:11:16,277 - INFO - Attempting to answer: Do you identify as a Protected Veteran defined as one of the following: Disabled veteran; Recently separated veteran; Active wartime or campaign badge veteran; Armed Forces service medal veteran? with I decline to answer
2025-02-27 23:11:16,347 - INFO - Selected 'I decline to answer' for question: Do you identify as a Protected Veteran defined as one of the following: Disabled veteran; Recently separated veteran; Active wartime or campaign badge veteran; Armed Forces service medal veteran?
2025-02-27 23:11:16,347 - INFO - Attempting to answer: Woven by Toyota conducts a thorough pre-employment background check as a condition of employment. This check may include verification of your education, employment history, criminal history, and any other relevant information. If you accept an offer of employment, you consent to this background check and acknowledge that any employment offer is contingent upon satisfactory results with I acknowledge
2025-02-27 23:11:16,347 - INFO - Attempting to handle checkbox for question: Woven by Toyota conducts a thorough pre-employment background check as a condition of employment. This check may include verification of your education, employment history, criminal history, and any other relevant information. If you accept an offer of employment, you consent to this background check and acknowledge that any employment offer is contingent upon satisfactory results with answer: I acknowledge
2025-02-27 23:11:16,402 - INFO - Checkbox checked for question: Woven by Toyota conducts a thorough pre-employment background check as a condition of employment. This check may include verification of your education, employment history, criminal history, and any other relevant information. If you accept an offer of employment, you consent to this background check and acknowledge that any employment offer is contingent upon satisfactory results
2025-02-27 23:11:16,402 - INFO - Attempting to answer: Please review and acknowledge you read and understood the non-disclosure agreement at the following link: https://woven.toyota/en/careers/nda/ with I acknowledge
2025-02-27 23:11:16,402 - INFO - Attempting to handle checkbox for question: Please review and acknowledge you read and understood the non-disclosure agreement at the following link: https://woven.toyota/en/careers/nda/ with answer: I acknowledge
2025-02-27 23:11:16,454 - INFO - Checkbox checked for question: Please review and acknowledge you read and understood the non-disclosure agreement at the following link: https://woven.toyota/en/careers/nda/
2025-02-27 23:11:16,455 - INFO - Attempting to answer: Woven by Toyota conducts a thorough pre-employment background check as a condition of employment. This check may include verification of your education, employment history, criminal history, and any other relevant information. If you accept an offer of employment, you consent to this background check and acknowledge that any employment offer is contingent upon satisfactory results. with I acknowledge
2025-02-27 23:11:16,455 - INFO - Attempting to handle checkbox for question: Woven by Toyota conducts a thorough pre-employment background check as a condition of employment. This check may include verification of your education, employment history, criminal history, and any other relevant information. If you accept an offer of employment, you consent to this background check and acknowledge that any employment offer is contingent upon satisfactory results. with answer: I acknowledge
2025-02-27 23:11:16,507 - INFO - Checkbox is already checked for question: Woven by Toyota conducts a thorough pre-employment background check as a condition of employment. This check may include verification of your education, employment history, criminal history, and any other relevant information. If you accept an offer of employment, you consent to this background check and acknowledge that any employment offer is contingent upon satisfactory results.
2025-02-27 23:21:15,158 - INFO - Read question: Are you open to a hybrid schedule, based in the SF Bay Area? with answer: Yes
2025-02-27 23:21:15,158 - INFO - Read question: Are you authorized to work in the United States? with answer: No
2025-02-27 23:21:15,158 - INFO - Read question: Describe your experience with Python and which libraries you use during your day to day with answer: I have 6 months of experience with Python. I frequently use libraries like Pandas, NumPy, and Matplotlib for data analysis and visualization.
2025-02-27 23:21:15,158 - INFO - Read question: Describe your experience with Azure and which features you have worked with professionally with answer: I have 4 years of experience working with Microsoft Azure. I have extensively used Azure Virtual Machines, Azure Storage, Azure SQL Database, and Azure Kubernetes Service (AKS). I have also worked with Azure DevOps for CI/CD pipelines and Azure Monitor for logging and monitoring.
2025-02-27 23:21:15,158 - INFO - Read question: Describe your experience with OOP best practices with answer: I have extensive experience with Object-Oriented Programming (OOP) best practices. I follow principles such as SOLID (Single Responsibility, Open/Closed, Liskov Substitution, Interface Segregation, and Dependency Inversion) to write clean, maintainable, and scalable code. I also use design patterns like Singleton, Factory, and Observer to solve common problems. Additionally, I ensure proper encapsulation, inheritance, and polymorphism in my code to improve reusability and readability.
2025-02-27 23:21:15,158 - INFO - Read question: Please let us know which state you reside in. with answer: California 
2025-02-27 23:21:15,158 - INFO - Read question: Required sponsorship for employment visa status with answer: No
2025-02-27 23:21:15,158 - INFO - Read question: By submitting your application you agree to the handling of your personal data as described in the applicant privacy notice: https://woven.toyota/en/applicant-privacy-notice✱ with answer: I acknowledge
2025-02-27 23:21:15,158 - INFO - Read question: What gender do you identify as? with answer: Male
2025-02-27 23:21:15,158 - INFO - Read question: Do you consider yourself a member of the Lesbian, Gay, Bisexual and/or Transgender, Queer and Questioning (LGBTQ) community? with answer: No
2025-02-27 23:21:15,158 - INFO - Read question: Do you identify as a Protected Veteran defined as one of the following: Disabled veteran; Recently separated veteran; Active wartime or campaign badge veteran; Armed Forces service medal veteran? with answer: I decline to answer
2025-02-27 23:21:15,158 - INFO - Read question: Woven by Toyota conducts a thorough pre-employment background check as a condition of employment. This check may include verification of your education, employment history, criminal history, and any other relevant information. If you accept an offer of employment, you consent to this background check and acknowledge that any employment offer is contingent upon satisfactory results with answer: I acknowledge
2025-02-27 23:21:15,158 - INFO - Read question: Please review and acknowledge you read and understood the non-disclosure agreement at the following link: https://woven.toyota/en/careers/nda/ with answer: I acknowledge
2025-02-27 23:21:15,158 - INFO - Read question: Woven by Toyota conducts a thorough pre-employment background check as a condition of employment. This check may include verification of your education, employment history, criminal history, and any other relevant information. If you accept an offer of employment, you consent to this background check and acknowledge that any employment offer is contingent upon satisfactory results. with answer: I acknowledge
2025-02-27 23:21:16,061 - INFO - patching driver executable C:\Users\hr\appdata\roaming\undetected_chromedriver\undetected_chromedriver.exe
2025-02-27 23:21:17,263 - INFO - Processing job link: https://jobs.lever.co/woven-by-toyota/0da237aa-d218-4a5e-9bb1-3e2157c5961a/apply?source=LinkedInhttps://jobs.lever.co/concurrency/b6883eea-f36f-4082-b184-58395b433e0e/apply?source=LinkedIn
2025-02-27 23:21:39,363 - WARNING - No 'Apply for this job' button found. Proceeding to the form. Error: Message: 
Stacktrace:
	GetHandleVerifier [0x01250B43+25139]
	(No symbol) [0x011E13F4]
	(No symbol) [0x010C04E3]
	(No symbol) [0x011083D7]
	(No symbol) [0x0110872B]
	(No symbol) [0x01151002]
	(No symbol) [0x0112D014]
	(No symbol) [0x0114E778]
	(No symbol) [0x0112CDC6]
	(No symbol) [0x010FBDE9]
	(No symbol) [0x010FD124]
	GetHandleVerifier [0x01554373+3185251]
	GetHandleVerifier [0x0157291A+3309578]
	GetHandleVerifier [0x0156CF42+3286578]
	GetHandleVerifier [0x012E7AE0+643536]
	(No symbol) [0x011EA20D]
	(No symbol) [0x011E70B8]
	(No symbol) [0x011E7257]
	(No symbol) [0x011D9E00]
	BaseThreadInitThunk [0x76CD5D49+25]
	RtlInitializeExceptionChain [0x771BCEBB+107]
	RtlGetAppContainerNamedObjectPath [0x771BCE41+561]

2025-02-27 23:21:39,436 - ERROR - Field 'Are you open to a hybrid schedule, based in the SF Bay Area?' not found in field mappings.
2025-02-27 23:21:39,436 - ERROR - Field 'Are you authorized to work in the United States?' not found in field mappings.
2025-02-27 23:21:39,437 - ERROR - Field 'Describe your experience with Python and which libraries you use during your day to day' not found in field mappings.
2025-02-27 23:21:39,437 - ERROR - Field 'Describe your experience with Azure and which features you have worked with professionally' not found in field mappings.
2025-02-27 23:21:39,437 - ERROR - Field 'Describe your experience with OOP best practices' not found in field mappings.
2025-02-27 23:21:39,437 - ERROR - Field 'Please let us know which state you reside in.' not found in field mappings.
2025-02-27 23:21:39,439 - ERROR - Field 'Required sponsorship for employment visa status' not found in field mappings.
2025-02-27 23:21:39,439 - ERROR - Field 'By submitting your application you agree to the handling of your personal data as described in the applicant privacy notice: https://woven.toyota/en/applicant-privacy-notice✱' not found in field mappings.
2025-02-27 23:21:39,440 - ERROR - Field 'What gender do you identify as?' not found in field mappings.
2025-02-27 23:21:39,440 - ERROR - Field 'Do you consider yourself a member of the Lesbian, Gay, Bisexual and/or Transgender, Queer and Questioning (LGBTQ) community?' not found in field mappings.
2025-02-27 23:21:39,440 - ERROR - Field 'Do you identify as a Protected Veteran defined as one of the following: Disabled veteran; Recently separated veteran; Active wartime or campaign badge veteran; Armed Forces service medal veteran?' not found in field mappings.
2025-02-27 23:21:39,440 - ERROR - Field 'Woven by Toyota conducts a thorough pre-employment background check as a condition of employment. This check may include verification of your education, employment history, criminal history, and any other relevant information. If you accept an offer of employment, you consent to this background check and acknowledge that any employment offer is contingent upon satisfactory results' not found in field mappings.
2025-02-27 23:21:39,440 - ERROR - Field 'Please review and acknowledge you read and understood the non-disclosure agreement at the following link: https://woven.toyota/en/careers/nda/' not found in field mappings.
2025-02-27 23:21:39,440 - ERROR - Field 'Woven by Toyota conducts a thorough pre-employment background check as a condition of employment. This check may include verification of your education, employment history, criminal history, and any other relevant information. If you accept an offer of employment, you consent to this background check and acknowledge that any employment offer is contingent upon satisfactory results.' not found in field mappings.
2025-02-27 23:21:49,446 - WARNING - No CAPTCHA found or failed to solve: Message: 
Stacktrace:
	GetHandleVerifier [0x01250B43+25139]
	(No symbol) [0x011E13F4]
	(No symbol) [0x010C04E3]
	(No symbol) [0x011083D7]
	(No symbol) [0x0110872B]
	(No symbol) [0x01151002]
	(No symbol) [0x0112D014]
	(No symbol) [0x0114E778]
	(No symbol) [0x0112CDC6]
	(No symbol) [0x010FBDE9]
	(No symbol) [0x010FD124]
	GetHandleVerifier [0x01554373+3185251]
	GetHandleVerifier [0x0157291A+3309578]
	GetHandleVerifier [0x0156CF42+3286578]
	GetHandleVerifier [0x012E7AE0+643536]
	(No symbol) [0x011EA20D]
	(No symbol) [0x011E70B8]
	(No symbol) [0x011E7257]
	(No symbol) [0x011D9E00]
	BaseThreadInitThunk [0x76CD5D49+25]
	RtlInitializeExceptionChain [0x771BCEBB+107]
	RtlGetAppContainerNamedObjectPath [0x771BCE41+561]

2025-02-27 23:22:09,713 - INFO - Processing job link: https://jobs.lever.co/menlovc/2a6345ea-3b7a-4371-be09-4ce647036233
2025-02-27 23:22:21,927 - INFO - Read question: Are you open to a hybrid schedule, based in the SF Bay Area? with answer: Yes
2025-02-27 23:22:21,927 - INFO - Read question: Are you authorized to work in the United States? with answer: No
2025-02-27 23:22:21,927 - INFO - Read question: Describe your experience with Python and which libraries you use during your day to day with answer: I have 6 months of experience with Python. I frequently use libraries like Pandas, NumPy, and Matplotlib for data analysis and visualization.
2025-02-27 23:22:21,927 - INFO - Read question: Describe your experience with Azure and which features you have worked with professionally with answer: I have 4 years of experience working with Microsoft Azure. I have extensively used Azure Virtual Machines, Azure Storage, Azure SQL Database, and Azure Kubernetes Service (AKS). I have also worked with Azure DevOps for CI/CD pipelines and Azure Monitor for logging and monitoring.
2025-02-27 23:22:21,927 - INFO - Read question: Describe your experience with OOP best practices with answer: I have extensive experience with Object-Oriented Programming (OOP) best practices. I follow principles such as SOLID (Single Responsibility, Open/Closed, Liskov Substitution, Interface Segregation, and Dependency Inversion) to write clean, maintainable, and scalable code. I also use design patterns like Singleton, Factory, and Observer to solve common problems. Additionally, I ensure proper encapsulation, inheritance, and polymorphism in my code to improve reusability and readability.
2025-02-27 23:22:21,927 - INFO - Read question: Please let us know which state you reside in. with answer: California 
2025-02-27 23:22:21,927 - INFO - Read question: Required sponsorship for employment visa status with answer: No
2025-02-27 23:22:21,927 - INFO - Read question: By submitting your application you agree to the handling of your personal data as described in the applicant privacy notice: https://woven.toyota/en/applicant-privacy-notice✱ with answer: I acknowledge
2025-02-27 23:22:21,927 - INFO - Read question: What gender do you identify as? with answer: Male
2025-02-27 23:22:21,927 - INFO - Read question: Do you consider yourself a member of the Lesbian, Gay, Bisexual and/or Transgender, Queer and Questioning (LGBTQ) community? with answer: No
2025-02-27 23:22:21,927 - INFO - Read question: Do you identify as a Protected Veteran defined as one of the following: Disabled veteran; Recently separated veteran; Active wartime or campaign badge veteran; Armed Forces service medal veteran? with answer: I decline to answer
2025-02-27 23:22:21,927 - INFO - Read question: Woven by Toyota conducts a thorough pre-employment background check as a condition of employment. This check may include verification of your education, employment history, criminal history, and any other relevant information. If you accept an offer of employment, you consent to this background check and acknowledge that any employment offer is contingent upon satisfactory results with answer: I acknowledge
2025-02-27 23:22:21,927 - INFO - Read question: Please review and acknowledge you read and understood the non-disclosure agreement at the following link: https://woven.toyota/en/careers/nda/ with answer: I acknowledge
2025-02-27 23:22:21,927 - INFO - Read question: Woven by Toyota conducts a thorough pre-employment background check as a condition of employment. This check may include verification of your education, employment history, criminal history, and any other relevant information. If you accept an offer of employment, you consent to this background check and acknowledge that any employment offer is contingent upon satisfactory results. with answer: I acknowledge
2025-02-27 23:22:22,763 - INFO - patching driver executable C:\Users\hr\appdata\roaming\undetected_chromedriver\undetected_chromedriver.exe
2025-02-27 23:22:23,919 - INFO - Processing job link: https://jobs.lever.co/woven-by-toyota/0da237aa-d218-4a5e-9bb1-3e2157c5961a/apply?source=LinkedInhttps://jobs.lever.co/concurrency/b6883eea-f36f-4082-b184-58395b433e0e/apply?source=LinkedIn
2025-02-27 23:22:48,955 - WARNING - No 'Apply for this job' button found. Proceeding to the form. Error: Message: 
Stacktrace:
	GetHandleVerifier [0x00820B43+25139]
	(No symbol) [0x007B13F4]
	(No symbol) [0x006904E3]
	(No symbol) [0x006D83D7]
	(No symbol) [0x006D872B]
	(No symbol) [0x00721002]
	(No symbol) [0x006FD014]
	(No symbol) [0x0071E778]
	(No symbol) [0x006FCDC6]
	(No symbol) [0x006CBDE9]
	(No symbol) [0x006CD124]
	GetHandleVerifier [0x00B24373+3185251]
	GetHandleVerifier [0x00B4291A+3309578]
	GetHandleVerifier [0x00B3CF42+3286578]
	GetHandleVerifier [0x008B7AE0+643536]
	(No symbol) [0x007BA20D]
	(No symbol) [0x007B70B8]
	(No symbol) [0x007B7257]
	(No symbol) [0x007A9E00]
	BaseThreadInitThunk [0x76CD5D49+25]
	RtlInitializeExceptionChain [0x771BCEBB+107]
	RtlGetAppContainerNamedObjectPath [0x771BCE41+561]

2025-02-27 23:22:49,030 - ERROR - Field 'Are you open to a hybrid schedule, based in the SF Bay Area?' not found in field mappings.
2025-02-27 23:22:49,030 - ERROR - Field 'Are you authorized to work in the United States?' not found in field mappings.
2025-02-27 23:22:49,030 - ERROR - Field 'Describe your experience with Python and which libraries you use during your day to day' not found in field mappings.
2025-02-27 23:22:49,031 - ERROR - Field 'Describe your experience with Azure and which features you have worked with professionally' not found in field mappings.
2025-02-27 23:22:49,031 - ERROR - Field 'Describe your experience with OOP best practices' not found in field mappings.
2025-02-27 23:22:49,031 - ERROR - Field 'Please let us know which state you reside in.' not found in field mappings.
2025-02-27 23:22:49,032 - ERROR - Field 'Required sponsorship for employment visa status' not found in field mappings.
2025-02-27 23:22:49,032 - ERROR - Field 'By submitting your application you agree to the handling of your personal data as described in the applicant privacy notice: https://woven.toyota/en/applicant-privacy-notice✱' not found in field mappings.
2025-02-27 23:22:49,032 - ERROR - Field 'What gender do you identify as?' not found in field mappings.
2025-02-27 23:22:49,032 - ERROR - Field 'Do you consider yourself a member of the Lesbian, Gay, Bisexual and/or Transgender, Queer and Questioning (LGBTQ) community?' not found in field mappings.
2025-02-27 23:22:49,033 - ERROR - Field 'Do you identify as a Protected Veteran defined as one of the following: Disabled veteran; Recently separated veteran; Active wartime or campaign badge veteran; Armed Forces service medal veteran?' not found in field mappings.
2025-02-27 23:22:49,033 - ERROR - Field 'Woven by Toyota conducts a thorough pre-employment background check as a condition of employment. This check may include verification of your education, employment history, criminal history, and any other relevant information. If you accept an offer of employment, you consent to this background check and acknowledge that any employment offer is contingent upon satisfactory results' not found in field mappings.
2025-02-27 23:22:49,033 - ERROR - Field 'Please review and acknowledge you read and understood the non-disclosure agreement at the following link: https://woven.toyota/en/careers/nda/' not found in field mappings.
2025-02-27 23:22:49,033 - ERROR - Field 'Woven by Toyota conducts a thorough pre-employment background check as a condition of employment. This check may include verification of your education, employment history, criminal history, and any other relevant information. If you accept an offer of employment, you consent to this background check and acknowledge that any employment offer is contingent upon satisfactory results.' not found in field mappings.
2025-02-27 23:22:59,155 - WARNING - No CAPTCHA found or failed to solve: Message: 
Stacktrace:
	GetHandleVerifier [0x00820B43+25139]
	(No symbol) [0x007B13F4]
	(No symbol) [0x006904E3]
	(No symbol) [0x006D83D7]
	(No symbol) [0x006D872B]
	(No symbol) [0x00721002]
	(No symbol) [0x006FD014]
	(No symbol) [0x0071E778]
	(No symbol) [0x006FCDC6]
	(No symbol) [0x006CBDE9]
	(No symbol) [0x006CD124]
	GetHandleVerifier [0x00B24373+3185251]
	GetHandleVerifier [0x00B4291A+3309578]
	GetHandleVerifier [0x00B3CF42+3286578]
	GetHandleVerifier [0x008B7AE0+643536]
	(No symbol) [0x007BA20D]
	(No symbol) [0x007B70B8]
	(No symbol) [0x007B7257]
	(No symbol) [0x007A9E00]
	BaseThreadInitThunk [0x76CD5D49+25]
	RtlInitializeExceptionChain [0x771BCEBB+107]
	RtlGetAppContainerNamedObjectPath [0x771BCE41+561]

2025-02-27 23:23:21,432 - INFO - Processing job link: https://jobs.lever.co/menlovc/2a6345ea-3b7a-4371-be09-4ce647036233
2025-02-27 23:29:21,213 - INFO - Read question: Are you open to a hybrid schedule, based in the SF Bay Area? with answer: Yes
2025-02-27 23:29:21,213 - INFO - Read question: Are you authorized to work in the United States? with answer: No
2025-02-27 23:29:21,213 - INFO - Read question: Describe your experience with Python and which libraries you use during your day to day with answer: I have 6 months of experience with Python. I frequently use libraries like Pandas, NumPy, and Matplotlib for data analysis and visualization.
2025-02-27 23:29:21,213 - INFO - Read question: Describe your experience with Azure and which features you have worked with professionally with answer: I have 4 years of experience working with Microsoft Azure. I have extensively used Azure Virtual Machines, Azure Storage, Azure SQL Database, and Azure Kubernetes Service (AKS). I have also worked with Azure DevOps for CI/CD pipelines and Azure Monitor for logging and monitoring.
2025-02-27 23:29:21,213 - INFO - Read question: Describe your experience with OOP best practices with answer: I have extensive experience with Object-Oriented Programming (OOP) best practices. I follow principles such as SOLID (Single Responsibility, Open/Closed, Liskov Substitution, Interface Segregation, and Dependency Inversion) to write clean, maintainable, and scalable code. I also use design patterns like Singleton, Factory, and Observer to solve common problems. Additionally, I ensure proper encapsulation, inheritance, and polymorphism in my code to improve reusability and readability.
2025-02-27 23:29:21,213 - INFO - Read question: Please let us know which state you reside in. with answer: California 
2025-02-27 23:29:21,216 - INFO - Read question: Required sponsorship for employment visa status with answer: No
2025-02-27 23:29:21,216 - INFO - Read question: By submitting your application you agree to the handling of your personal data as described in the applicant privacy notice: https://woven.toyota/en/applicant-privacy-notice✱ with answer: I acknowledge
2025-02-27 23:29:21,216 - INFO - Read question: What gender do you identify as? with answer: Male
2025-02-27 23:29:21,216 - INFO - Read question: Do you consider yourself a member of the Lesbian, Gay, Bisexual and/or Transgender, Queer and Questioning (LGBTQ) community? with answer: No
2025-02-27 23:29:21,216 - INFO - Read question: Do you identify as a Protected Veteran defined as one of the following: Disabled veteran; Recently separated veteran; Active wartime or campaign badge veteran; Armed Forces service medal veteran? with answer: I decline to answer
2025-02-27 23:29:21,216 - INFO - Read question: Woven by Toyota conducts a thorough pre-employment background check as a condition of employment. This check may include verification of your education, employment history, criminal history, and any other relevant information. If you accept an offer of employment, you consent to this background check and acknowledge that any employment offer is contingent upon satisfactory results with answer: I acknowledge
2025-02-27 23:29:21,216 - INFO - Read question: Please review and acknowledge you read and understood the non-disclosure agreement at the following link: https://woven.toyota/en/careers/nda/ with answer: I acknowledge
2025-02-27 23:29:21,216 - INFO - Read question: Woven by Toyota conducts a thorough pre-employment background check as a condition of employment. This check may include verification of your education, employment history, criminal history, and any other relevant information. If you accept an offer of employment, you consent to this background check and acknowledge that any employment offer is contingent upon satisfactory results. with answer: I acknowledge
2025-02-27 23:29:22,051 - INFO - patching driver executable C:\Users\hr\appdata\roaming\undetected_chromedriver\undetected_chromedriver.exe
2025-02-27 23:29:23,280 - INFO - Processing job link: https://jobs.lever.co/woven-by-toyota/0da237aa-d218-4a5e-9bb1-3e2157c5961a/apply?source=LinkedInhttps://jobs.lever.co/concurrency/b6883eea-f36f-4082-b184-58395b433e0e/apply?source=LinkedIn
2025-02-27 23:29:49,012 - WARNING - No 'Apply for this job' button found. Proceeding to the form. Error: Message: 
Stacktrace:
	GetHandleVerifier [0x003A0B43+25139]
	(No symbol) [0x003313F4]
	(No symbol) [0x002104E3]
	(No symbol) [0x002583D7]
	(No symbol) [0x0025872B]
	(No symbol) [0x002A1002]
	(No symbol) [0x0027D014]
	(No symbol) [0x0029E778]
	(No symbol) [0x0027CDC6]
	(No symbol) [0x0024BDE9]
	(No symbol) [0x0024D124]
	GetHandleVerifier [0x006A4373+3185251]
	GetHandleVerifier [0x006C291A+3309578]
	GetHandleVerifier [0x006BCF42+3286578]
	GetHandleVerifier [0x00437AE0+643536]
	(No symbol) [0x0033A20D]
	(No symbol) [0x003370B8]
	(No symbol) [0x00337257]
	(No symbol) [0x00329E00]
	BaseThreadInitThunk [0x76CD5D49+25]
	RtlInitializeExceptionChain [0x771BCEBB+107]
	RtlGetAppContainerNamedObjectPath [0x771BCE41+561]

2025-02-27 23:29:49,143 - INFO - Selected 'Yes' for question: Are you open to a hybrid schedule, based in the SF Bay Area?
2025-02-27 23:29:49,172 - INFO - Selected 'No' for question: Are you authorized to work in the United States?
2025-02-27 23:29:59,313 - ERROR - Failed to handle unique question: Describe your experience with Python and which libraries you use during your day to day. Error: Message: 
Stacktrace:
	GetHandleVerifier [0x003A0B43+25139]
	(No symbol) [0x003313F4]
	(No symbol) [0x002104E3]
	(No symbol) [0x002583D7]
	(No symbol) [0x0025872B]
	(No symbol) [0x002A1002]
	(No symbol) [0x0027D014]
	(No symbol) [0x0029E778]
	(No symbol) [0x0027CDC6]
	(No symbol) [0x0024BDE9]
	(No symbol) [0x0024D124]
	GetHandleVerifier [0x006A4373+3185251]
	GetHandleVerifier [0x006C291A+3309578]
	GetHandleVerifier [0x006BCF42+3286578]
	GetHandleVerifier [0x00437AE0+643536]
	(No symbol) [0x0033A20D]
	(No symbol) [0x003370B8]
	(No symbol) [0x00337257]
	(No symbol) [0x00329E00]
	BaseThreadInitThunk [0x76CD5D49+25]
	RtlInitializeExceptionChain [0x771BCEBB+107]
	RtlGetAppContainerNamedObjectPath [0x771BCE41+561]

2025-02-27 23:30:09,471 - ERROR - Failed to handle unique question: Describe your experience with Azure and which features you have worked with professionally. Error: Message: 
Stacktrace:
	GetHandleVerifier [0x003A0B43+25139]
	(No symbol) [0x003313F4]
	(No symbol) [0x002104E3]
	(No symbol) [0x002583D7]
	(No symbol) [0x0025872B]
	(No symbol) [0x002A1002]
	(No symbol) [0x0027D014]
	(No symbol) [0x0029E778]
	(No symbol) [0x0027CDC6]
	(No symbol) [0x0024BDE9]
	(No symbol) [0x0024D124]
	GetHandleVerifier [0x006A4373+3185251]
	GetHandleVerifier [0x006C291A+3309578]
	GetHandleVerifier [0x006BCF42+3286578]
	GetHandleVerifier [0x00437AE0+643536]
	(No symbol) [0x0033A20D]
	(No symbol) [0x003370B8]
	(No symbol) [0x00337257]
	(No symbol) [0x00329E00]
	BaseThreadInitThunk [0x76CD5D49+25]
	RtlInitializeExceptionChain [0x771BCEBB+107]
	RtlGetAppContainerNamedObjectPath [0x771BCE41+561]

2025-02-27 23:30:19,808 - ERROR - Failed to handle unique question: Describe your experience with OOP best practices. Error: Message: 
Stacktrace:
	GetHandleVerifier [0x003A0B43+25139]
	(No symbol) [0x003313F4]
	(No symbol) [0x002104E3]
	(No symbol) [0x002583D7]
	(No symbol) [0x0025872B]
	(No symbol) [0x002A1002]
	(No symbol) [0x0027D014]
	(No symbol) [0x0029E778]
	(No symbol) [0x0027CDC6]
	(No symbol) [0x0024BDE9]
	(No symbol) [0x0024D124]
	GetHandleVerifier [0x006A4373+3185251]
	GetHandleVerifier [0x006C291A+3309578]
	GetHandleVerifier [0x006BCF42+3286578]
	GetHandleVerifier [0x00437AE0+643536]
	(No symbol) [0x0033A20D]
	(No symbol) [0x003370B8]
	(No symbol) [0x00337257]
	(No symbol) [0x00329E00]
	BaseThreadInitThunk [0x76CD5D49+25]
	RtlInitializeExceptionChain [0x771BCEBB+107]
	RtlGetAppContainerNamedObjectPath [0x771BCE41+561]

2025-02-27 23:30:30,266 - ERROR - Failed to handle unique question: Please let us know which state you reside in.. Error: Message: 
Stacktrace:
	GetHandleVerifier [0x003A0B43+25139]
	(No symbol) [0x003313F4]
	(No symbol) [0x002104E3]
	(No symbol) [0x002583D7]
	(No symbol) [0x0025872B]
	(No symbol) [0x002A1002]
	(No symbol) [0x0027D014]
	(No symbol) [0x0029E778]
	(No symbol) [0x0027CDC6]
	(No symbol) [0x0024BDE9]
	(No symbol) [0x0024D124]
	GetHandleVerifier [0x006A4373+3185251]
	GetHandleVerifier [0x006C291A+3309578]
	GetHandleVerifier [0x006BCF42+3286578]
	GetHandleVerifier [0x00437AE0+643536]
	(No symbol) [0x0033A20D]
	(No symbol) [0x003370B8]
	(No symbol) [0x00337257]
	(No symbol) [0x00329E00]
	BaseThreadInitThunk [0x76CD5D49+25]
	RtlInitializeExceptionChain [0x771BCEBB+107]
	RtlGetAppContainerNamedObjectPath [0x771BCE41+561]

2025-02-27 23:30:40,492 - ERROR - Failed to handle unique question: Required sponsorship for employment visa status. Error: Message: 
Stacktrace:
	GetHandleVerifier [0x003A0B43+25139]
	(No symbol) [0x003313F4]
	(No symbol) [0x002104E3]
	(No symbol) [0x002583D7]
	(No symbol) [0x0025872B]
	(No symbol) [0x002A1002]
	(No symbol) [0x0027D014]
	(No symbol) [0x0029E778]
	(No symbol) [0x0027CDC6]
	(No symbol) [0x0024BDE9]
	(No symbol) [0x0024D124]
	GetHandleVerifier [0x006A4373+3185251]
	GetHandleVerifier [0x006C291A+3309578]
	GetHandleVerifier [0x006BCF42+3286578]
	GetHandleVerifier [0x00437AE0+643536]
	(No symbol) [0x0033A20D]
	(No symbol) [0x003370B8]
	(No symbol) [0x00337257]
	(No symbol) [0x00329E00]
	BaseThreadInitThunk [0x76CD5D49+25]
	RtlInitializeExceptionChain [0x771BCEBB+107]
	RtlGetAppContainerNamedObjectPath [0x771BCE41+561]

2025-02-28 01:59:46,404 - INFO - Read question: Are you open to a hybrid schedule, based in the SF Bay Area? with answer: Yes
2025-02-28 01:59:46,404 - INFO - Read question: Are you authorized to work in the United States? with answer: No
2025-02-28 01:59:46,404 - INFO - Read question: Describe your experience with Python and which libraries you use during your day to day with answer: I have 6 months of experience with Python. I frequently use libraries like Pandas, NumPy, and Matplotlib for data analysis and visualization.
2025-02-28 01:59:46,404 - INFO - Read question: Describe your experience with Azure and which features you have worked with professionally with answer: I have 4 years of experience working with Microsoft Azure. I have extensively used Azure Virtual Machines, Azure Storage, Azure SQL Database, and Azure Kubernetes Service (AKS). I have also worked with Azure DevOps for CI/CD pipelines and Azure Monitor for logging and monitoring.
2025-02-28 01:59:46,404 - INFO - Read question: Describe your experience with OOP best practices with answer: I have extensive experience with Object-Oriented Programming (OOP) best practices. I follow principles such as SOLID (Single Responsibility, Open/Closed, Liskov Substitution, Interface Segregation, and Dependency Inversion) to write clean, maintainable, and scalable code. I also use design patterns like Singleton, Factory, and Observer to solve common problems. Additionally, I ensure proper encapsulation, inheritance, and polymorphism in my code to improve reusability and readability.
2025-02-28 01:59:46,404 - INFO - Read question: Please let us know which state you reside in. with answer: California 
2025-02-28 01:59:46,404 - INFO - Read question: Required sponsorship for employment visa status with answer: No
2025-02-28 01:59:46,404 - INFO - Read question: By submitting your application you agree to the handling of your personal data as described in the applicant privacy notice: https://woven.toyota/en/applicant-privacy-notice✱ with answer: I acknowledge
2025-02-28 01:59:46,404 - INFO - Read question: What gender do you identify as? with answer: Male
2025-02-28 01:59:46,404 - INFO - Read question: Do you consider yourself a member of the Lesbian, Gay, Bisexual and/or Transgender, Queer and Questioning (LGBTQ) community? with answer: No
2025-02-28 01:59:46,404 - INFO - Read question: Do you identify as a Protected Veteran defined as one of the following: Disabled veteran; Recently separated veteran; Active wartime or campaign badge veteran; Armed Forces service medal veteran? with answer: I decline to answer
2025-02-28 01:59:46,404 - INFO - Read question: Woven by Toyota conducts a thorough pre-employment background check as a condition of employment. This check may include verification of your education, employment history, criminal history, and any other relevant information. If you accept an offer of employment, you consent to this background check and acknowledge that any employment offer is contingent upon satisfactory results with answer: I acknowledge
2025-02-28 01:59:46,404 - INFO - Read question: Please review and acknowledge you read and understood the non-disclosure agreement at the following link: https://woven.toyota/en/careers/nda/ with answer: I acknowledge
2025-02-28 01:59:46,404 - INFO - Read question: Woven by Toyota conducts a thorough pre-employment background check as a condition of employment. This check may include verification of your education, employment history, criminal history, and any other relevant information. If you accept an offer of employment, you consent to this background check and acknowledge that any employment offer is contingent upon satisfactory results. with answer: I acknowledge
2025-02-28 01:59:47,337 - INFO - patching driver executable C:\Users\hr\appdata\roaming\undetected_chromedriver\undetected_chromedriver.exe
2025-02-28 01:59:48,618 - INFO - Processing job link: https://jobs.lever.co/woven-by-toyota/0da237aa-d218-4a5e-9bb1-3e2157c5961a/apply?source=LinkedInhttps://jobs.lever.co/concurrency/b6883eea-f36f-4082-b184-58395b433e0e/apply?source=LinkedIn
2025-02-28 02:00:02,390 - WARNING - No 'Apply for this job' button found. Proceeding to the form. Error: Message: 
Stacktrace:
	GetHandleVerifier [0x01060B43+25139]
	(No symbol) [0x00FF13F4]
	(No symbol) [0x00ED04E3]
	(No symbol) [0x00F183D7]
	(No symbol) [0x00F1872B]
	(No symbol) [0x00F61002]
	(No symbol) [0x00F3D014]
	(No symbol) [0x00F5E778]
	(No symbol) [0x00F3CDC6]
	(No symbol) [0x00F0BDE9]
	(No symbol) [0x00F0D124]
	GetHandleVerifier [0x01364373+3185251]
	GetHandleVerifier [0x0138291A+3309578]
	GetHandleVerifier [0x0137CF42+3286578]
	GetHandleVerifier [0x010F7AE0+643536]
	(No symbol) [0x00FFA20D]
	(No symbol) [0x00FF70B8]
	(No symbol) [0x00FF7257]
	(No symbol) [0x00FE9E00]
	BaseThreadInitThunk [0x76CD5D49+25]
	RtlInitializeExceptionChain [0x771BCEBB+107]
	RtlGetAppContainerNamedObjectPath [0x771BCE41+561]

2025-02-28 02:00:12,223 - INFO - Uploading resume from: C:\Users\hr\OneDrive\Desktop\LeverAutomation\LEVER\Resumes\Sunil Resume.pdf
2025-02-28 02:00:16,901 - INFO - LinkedIn profile filled successfully.
2025-02-28 02:00:19,323 - INFO - Attempting to answer: Woven by Toyota conducts a thorough pre-employment background check as a condition of employment. This check may include verification of your education, employment history, criminal history, and any other relevant information. If you accept an offer of employment, you consent to this background check and acknowledge that any employment offer is contingent upon satisfactory results. with I acknowledge
2025-02-28 02:00:19,390 - INFO - Checked 'I acknowledge' for question: Woven by Toyota conducts a thorough pre-employment background check as a condition of employment. This check may include verification of your education, employment history, criminal history, and any other relevant information. If you accept an offer of employment, you consent to this background check and acknowledge that any employment offer is contingent upon satisfactory results.
2025-02-28 02:00:19,399 - INFO - Attempting to answer: Please review and acknowledge you read and understood the non-disclosure agreement at the following link: https://woven.toyota/en/careers/nda/ with I acknowledge
2025-02-28 02:00:19,439 - INFO - Checked 'I acknowledge' for question: Please review and acknowledge you read and understood the non-disclosure agreement at the following link: https://woven.toyota/en/careers/nda/
2025-02-28 02:00:19,496 - WARNING - Question not found in answers.csv: I identify my race/ethnicity as
2025-02-28 02:00:19,560 - INFO - Attempting to answer: What gender do you identify as? with Male
2025-02-28 02:00:19,632 - INFO - Selected 'Male' for question: What gender do you identify as?
2025-02-28 02:00:19,638 - INFO - Attempting to answer: Do you consider yourself a member of the Lesbian, Gay, Bisexual and/or Transgender, Queer and Questioning (LGBTQ) community? with No
2025-02-28 02:00:19,689 - INFO - Selected 'No' for question: Do you consider yourself a member of the Lesbian, Gay, Bisexual and/or Transgender, Queer and Questioning (LGBTQ) community?
2025-02-28 02:00:19,708 - INFO - Attempting to answer: Do you identify as a Protected Veteran defined as one of the following: Disabled veteran; Recently separated veteran; Active wartime or campaign badge veteran; Armed Forces service medal veteran? with I decline to answer
2025-02-28 02:00:19,756 - INFO - Selected 'I decline to answer' for question: Do you identify as a Protected Veteran defined as one of the following: Disabled veteran; Recently separated veteran; Active wartime or campaign badge veteran; Armed Forces service medal veteran?
2025-02-28 02:00:29,847 - WARNING - No CAPTCHA found or failed to solve: Message: 
Stacktrace:
	GetHandleVerifier [0x01060B43+25139]
	(No symbol) [0x00FF13F4]
	(No symbol) [0x00ED04E3]
	(No symbol) [0x00F183D7]
	(No symbol) [0x00F1872B]
	(No symbol) [0x00F61002]
	(No symbol) [0x00F3D014]
	(No symbol) [0x00F5E778]
	(No symbol) [0x00F3CDC6]
	(No symbol) [0x00F0BDE9]
	(No symbol) [0x00F0D124]
	GetHandleVerifier [0x01364373+3185251]
	GetHandleVerifier [0x0138291A+3309578]
	GetHandleVerifier [0x0137CF42+3286578]
	GetHandleVerifier [0x010F7AE0+643536]
	(No symbol) [0x00FFA20D]
	(No symbol) [0x00FF70B8]
	(No symbol) [0x00FF7257]
	(No symbol) [0x00FE9E00]
	BaseThreadInitThunk [0x76CD5D49+25]
	RtlInitializeExceptionChain [0x771BCEBB+107]
	RtlGetAppContainerNamedObjectPath [0x771BCE41+561]

2025-02-28 02:00:52,289 - INFO - Processing job link: https://jobs.lever.co/menlovc/2a6345ea-3b7a-4371-be09-4ce647036233
2025-02-28 02:01:02,440 - INFO - Clicked 'Apply for this job' button.
2025-02-28 02:01:16,872 - INFO - Uploading resume from: C:\Users\hr\OneDrive\Desktop\LeverAutomation\LEVER\Resumes\Sunil Resume.pdf
2025-02-28 02:01:20,112 - INFO - LinkedIn profile filled successfully.
2025-02-28 02:01:32,822 - WARNING - No CAPTCHA found or failed to solve: Message: 
Stacktrace:
	GetHandleVerifier [0x01060B43+25139]
	(No symbol) [0x00FF13F4]
	(No symbol) [0x00ED04E3]
	(No symbol) [0x00F183D7]
	(No symbol) [0x00F1872B]
	(No symbol) [0x00F61002]
	(No symbol) [0x00F3D014]
	(No symbol) [0x00F5E778]
	(No symbol) [0x00F3CDC6]
	(No symbol) [0x00F0BDE9]
	(No symbol) [0x00F0D124]
	GetHandleVerifier [0x01364373+3185251]
	GetHandleVerifier [0x0138291A+3309578]
	GetHandleVerifier [0x0137CF42+3286578]
	GetHandleVerifier [0x010F7AE0+643536]
	(No symbol) [0x00FFA20D]
	(No symbol) [0x00FF70B8]
	(No symbol) [0x00FF7257]
	(No symbol) [0x00FE9E00]
	BaseThreadInitThunk [0x76CD5D49+25]
	RtlInitializeExceptionChain [0x771BCEBB+107]
	RtlGetAppContainerNamedObjectPath [0x771BCE41+561]

2025-02-28 02:01:53,871 - INFO - Processing job link: https://jobs.lever.co/woven-by-toyota/0da237aa-d218-4a5e-9bb1-3e2157c5961a/apply?source=LinkedIn
2025-02-28 02:02:12,167 - WARNING - No 'Apply for this job' button found. Proceeding to the form. Error: Message: 
Stacktrace:
	GetHandleVerifier [0x01060B43+25139]
	(No symbol) [0x00FF13F4]
	(No symbol) [0x00ED04E3]
	(No symbol) [0x00F183D7]
	(No symbol) [0x00F1872B]
	(No symbol) [0x00F61002]
	(No symbol) [0x00F3D014]
	(No symbol) [0x00F5E778]
	(No symbol) [0x00F3CDC6]
	(No symbol) [0x00F0BDE9]
	(No symbol) [0x00F0D124]
	GetHandleVerifier [0x01364373+3185251]
	GetHandleVerifier [0x0138291A+3309578]
	GetHandleVerifier [0x0137CF42+3286578]
	GetHandleVerifier [0x010F7AE0+643536]
	(No symbol) [0x00FFA20D]
	(No symbol) [0x00FF70B8]
	(No symbol) [0x00FF7257]
	(No symbol) [0x00FE9E00]
	BaseThreadInitThunk [0x76CD5D49+25]
	RtlInitializeExceptionChain [0x771BCEBB+107]
	RtlGetAppContainerNamedObjectPath [0x771BCE41+561]

2025-02-28 02:02:19,767 - INFO - Uploading resume from: C:\Users\hr\OneDrive\Desktop\LeverAutomation\LEVER\Resumes\Sunil Resume.pdf
2025-02-28 02:02:22,421 - INFO - LinkedIn profile filled successfully.
2025-02-28 02:02:24,594 - INFO - Attempting to answer: Woven by Toyota conducts a thorough pre-employment background check as a condition of employment. This check may include verification of your education, employment history, criminal history, and any other relevant information. If you accept an offer of employment, you consent to this background check and acknowledge that any employment offer is contingent upon satisfactory results. with I acknowledge
2025-02-28 02:02:24,654 - INFO - Checked 'I acknowledge' for question: Woven by Toyota conducts a thorough pre-employment background check as a condition of employment. This check may include verification of your education, employment history, criminal history, and any other relevant information. If you accept an offer of employment, you consent to this background check and acknowledge that any employment offer is contingent upon satisfactory results.
2025-02-28 02:02:24,675 - INFO - Attempting to answer: Please review and acknowledge you read and understood the non-disclosure agreement at the following link: https://woven.toyota/en/careers/nda/ with I acknowledge
2025-02-28 02:02:24,735 - INFO - Checked 'I acknowledge' for question: Please review and acknowledge you read and understood the non-disclosure agreement at the following link: https://woven.toyota/en/careers/nda/
2025-02-28 02:02:24,761 - WARNING - Question not found in answers.csv: I identify my race/ethnicity as
2025-02-28 02:02:24,770 - INFO - Attempting to answer: What gender do you identify as? with Male
2025-02-28 02:02:24,823 - INFO - Selected 'Male' for question: What gender do you identify as?
2025-02-28 02:02:24,842 - INFO - Attempting to answer: Do you consider yourself a member of the Lesbian, Gay, Bisexual and/or Transgender, Queer and Questioning (LGBTQ) community? with No
2025-02-28 02:02:24,894 - INFO - Selected 'No' for question: Do you consider yourself a member of the Lesbian, Gay, Bisexual and/or Transgender, Queer and Questioning (LGBTQ) community?
2025-02-28 02:02:24,902 - INFO - Attempting to answer: Do you identify as a Protected Veteran defined as one of the following: Disabled veteran; Recently separated veteran; Active wartime or campaign badge veteran; Armed Forces service medal veteran? with I decline to answer
2025-02-28 02:02:24,939 - INFO - Selected 'I decline to answer' for question: Do you identify as a Protected Veteran defined as one of the following: Disabled veteran; Recently separated veteran; Active wartime or campaign badge veteran; Armed Forces service medal veteran?
2025-02-28 02:02:35,096 - WARNING - No CAPTCHA found or failed to solve: Message: 
Stacktrace:
	GetHandleVerifier [0x01060B43+25139]
	(No symbol) [0x00FF13F4]
	(No symbol) [0x00ED04E3]
	(No symbol) [0x00F183D7]
	(No symbol) [0x00F1872B]
	(No symbol) [0x00F61002]
	(No symbol) [0x00F3D014]
	(No symbol) [0x00F5E778]
	(No symbol) [0x00F3CDC6]
	(No symbol) [0x00F0BDE9]
	(No symbol) [0x00F0D124]
	GetHandleVerifier [0x01364373+3185251]
	GetHandleVerifier [0x0138291A+3309578]
	GetHandleVerifier [0x0137CF42+3286578]
	GetHandleVerifier [0x010F7AE0+643536]
	(No symbol) [0x00FFA20D]
	(No symbol) [0x00FF70B8]
	(No symbol) [0x00FF7257]
	(No symbol) [0x00FE9E00]
	BaseThreadInitThunk [0x76CD5D49+25]
	RtlInitializeExceptionChain [0x771BCEBB+107]
	RtlGetAppContainerNamedObjectPath [0x771BCE41+561]

2025-02-28 02:02:54,824 - INFO - Processing job link: https://jobs.lever.co/concurrency/b6883eea-f36f-4082-b184-58395b433e0e/apply?source=LinkedIn
2025-02-28 02:03:18,986 - WARNING - No 'Apply for this job' button found. Proceeding to the form. Error: Message: 
Stacktrace:
	GetHandleVerifier [0x01060B43+25139]
	(No symbol) [0x00FF13F4]
	(No symbol) [0x00ED04E3]
	(No symbol) [0x00F183D7]
	(No symbol) [0x00F1872B]
	(No symbol) [0x00F61002]
	(No symbol) [0x00F3D014]
	(No symbol) [0x00F5E778]
	(No symbol) [0x00F3CDC6]
	(No symbol) [0x00F0BDE9]
	(No symbol) [0x00F0D124]
	GetHandleVerifier [0x01364373+3185251]
	GetHandleVerifier [0x0138291A+3309578]
	GetHandleVerifier [0x0137CF42+3286578]
	GetHandleVerifier [0x010F7AE0+643536]
	(No symbol) [0x00FFA20D]
	(No symbol) [0x00FF70B8]
	(No symbol) [0x00FF7257]
	(No symbol) [0x00FE9E00]
	BaseThreadInitThunk [0x76CD5D49+25]
	RtlInitializeExceptionChain [0x771BCEBB+107]
	RtlGetAppContainerNamedObjectPath [0x771BCE41+561]

2025-02-28 02:03:29,599 - INFO - Uploading resume from: C:\Users\hr\OneDrive\Desktop\LeverAutomation\LEVER\Resumes\Sunil Resume.pdf
2025-02-28 02:03:34,308 - INFO - LinkedIn profile filled successfully.
2025-02-28 02:03:47,187 - WARNING - No CAPTCHA found or failed to solve: Message: 
Stacktrace:
	GetHandleVerifier [0x01060B43+25139]
	(No symbol) [0x00FF13F4]
	(No symbol) [0x00ED04E3]
	(No symbol) [0x00F183D7]
	(No symbol) [0x00F1872B]
	(No symbol) [0x00F61002]
	(No symbol) [0x00F3D014]
	(No symbol) [0x00F5E778]
	(No symbol) [0x00F3CDC6]
	(No symbol) [0x00F0BDE9]
	(No symbol) [0x00F0D124]
	GetHandleVerifier [0x01364373+3185251]
	GetHandleVerifier [0x0138291A+3309578]
	GetHandleVerifier [0x0137CF42+3286578]
	GetHandleVerifier [0x010F7AE0+643536]
	(No symbol) [0x00FFA20D]
	(No symbol) [0x00FF70B8]
	(No symbol) [0x00FF7257]
	(No symbol) [0x00FE9E00]
	BaseThreadInitThunk [0x76CD5D49+25]
	RtlInitializeExceptionChain [0x771BCEBB+107]
	RtlGetAppContainerNamedObjectPath [0x771BCE41+561]

2025-02-28 02:04:09,089 - INFO - Processing job link: https://jobs.lever.co/Federato/7ca318a4-1da1-4f79-ad80-7e65b51aa11b/apply?source=LinkedIn
2025-02-28 02:04:27,919 - WARNING - No 'Apply for this job' button found. Proceeding to the form. Error: Message: 
Stacktrace:
	GetHandleVerifier [0x01060B43+25139]
	(No symbol) [0x00FF13F4]
	(No symbol) [0x00ED04E3]
	(No symbol) [0x00F183D7]
	(No symbol) [0x00F1872B]
	(No symbol) [0x00F61002]
	(No symbol) [0x00F3D014]
	(No symbol) [0x00F5E778]
	(No symbol) [0x00F3CDC6]
	(No symbol) [0x00F0BDE9]
	(No symbol) [0x00F0D124]
	GetHandleVerifier [0x01364373+3185251]
	GetHandleVerifier [0x0138291A+3309578]
	GetHandleVerifier [0x0137CF42+3286578]
	GetHandleVerifier [0x010F7AE0+643536]
	(No symbol) [0x00FFA20D]
	(No symbol) [0x00FF70B8]
	(No symbol) [0x00FF7257]
	(No symbol) [0x00FE9E00]
	BaseThreadInitThunk [0x76CD5D49+25]
	RtlInitializeExceptionChain [0x771BCEBB+107]
	RtlGetAppContainerNamedObjectPath [0x771BCE41+561]

2025-02-28 02:04:40,402 - INFO - Uploading resume from: C:\Users\hr\OneDrive\Desktop\LeverAutomation\LEVER\Resumes\Sunil Resume.pdf
2025-02-28 02:04:44,521 - INFO - LinkedIn profile filled successfully.
2025-02-28 02:04:57,521 - WARNING - No CAPTCHA found or failed to solve: Message: 
Stacktrace:
	GetHandleVerifier [0x01060B43+25139]
	(No symbol) [0x00FF13F4]
	(No symbol) [0x00ED04E3]
	(No symbol) [0x00F183D7]
	(No symbol) [0x00F1872B]
	(No symbol) [0x00F61002]
	(No symbol) [0x00F3D014]
	(No symbol) [0x00F5E778]
	(No symbol) [0x00F3CDC6]
	(No symbol) [0x00F0BDE9]
	(No symbol) [0x00F0D124]
	GetHandleVerifier [0x01364373+3185251]
	GetHandleVerifier [0x0138291A+3309578]
	GetHandleVerifier [0x0137CF42+3286578]
	GetHandleVerifier [0x010F7AE0+643536]
	(No symbol) [0x00FFA20D]
	(No symbol) [0x00FF70B8]
	(No symbol) [0x00FF7257]
	(No symbol) [0x00FE9E00]
	BaseThreadInitThunk [0x76CD5D49+25]
	RtlInitializeExceptionChain [0x771BCEBB+107]
	RtlGetAppContainerNamedObjectPath [0x771BCE41+561]

2025-02-28 02:05:18,547 - INFO - Processing job link: https://jobs.lever.co/gridmatic/91df21b7-9d76-47a1-a88e-35801f801d98?source=LinkedIn
2025-02-28 02:05:29,889 - WARNING - No 'Apply for this job' button found. Proceeding to the form. Error: Message: element click intercepted: Element <a class="postings-btn template-btn-submit cerulean" href="https://jobs.lever.co/gridmatic/91df21b7-9d76-47a1-a88e-35801f801d98/apply">...</a> is not clickable at point (649, 20). Other element would receive the click: <div class="main-header-content page-centered narrow-section page-full-width">...</div>
  (Session info: chrome=133.0.6943.127)
Stacktrace:
	GetHandleVerifier [0x01060B43+25139]
	(No symbol) [0x00FF13F4]
	(No symbol) [0x00ED04E3]
	(No symbol) [0x00F1E650]
	(No symbol) [0x00F1CA14]
	(No symbol) [0x00F1A5A7]
	(No symbol) [0x00F19874]
	(No symbol) [0x00F0DF15]
	(No symbol) [0x00F3CFCC]
	(No symbol) [0x00F0D9A4]
	(No symbol) [0x00F3D244]
	(No symbol) [0x00F5E778]
	(No symbol) [0x00F3CDC6]
	(No symbol) [0x00F0BDE9]
	(No symbol) [0x00F0D124]
	GetHandleVerifier [0x01364373+3185251]
	GetHandleVerifier [0x0138291A+3309578]
	GetHandleVerifier [0x0137CF42+3286578]
	GetHandleVerifier [0x010F7AE0+643536]
	(No symbol) [0x00FFA20D]
	(No symbol) [0x00FF70B8]
	(No symbol) [0x00FF7257]
	(No symbol) [0x00FE9E00]
	BaseThreadInitThunk [0x76CD5D49+25]
	RtlInitializeExceptionChain [0x771BCEBB+107]
	RtlGetAppContainerNamedObjectPath [0x771BCE41+561]

2025-02-28 02:05:40,128 - ERROR - Error for https://jobs.lever.co/gridmatic/91df21b7-9d76-47a1-a88e-35801f801d98?source=LinkedIn: Message: 
Stacktrace:
	GetHandleVerifier [0x01060B43+25139]
	(No symbol) [0x00FF13F4]
	(No symbol) [0x00ED04E3]
	(No symbol) [0x00F183D7]
	(No symbol) [0x00F1872B]
	(No symbol) [0x00F61002]
	(No symbol) [0x00F3D014]
	(No symbol) [0x00F5E778]
	(No symbol) [0x00F3CDC6]
	(No symbol) [0x00F0BDE9]
	(No symbol) [0x00F0D124]
	GetHandleVerifier [0x01364373+3185251]
	GetHandleVerifier [0x0138291A+3309578]
	GetHandleVerifier [0x0137CF42+3286578]
	GetHandleVerifier [0x010F7AE0+643536]
	(No symbol) [0x00FFA20D]
	(No symbol) [0x00FF70B8]
	(No symbol) [0x00FF7257]
	(No symbol) [0x00FE9E00]
	BaseThreadInitThunk [0x76CD5D49+25]
	RtlInitializeExceptionChain [0x771BCEBB+107]
	RtlGetAppContainerNamedObjectPath [0x771BCE41+561]

2025-02-28 02:05:40,128 - INFO - Retrying... (1/3)
2025-02-28 02:05:54,287 - INFO - Processing job link: https://jobs.lever.co/gridmatic/91df21b7-9d76-47a1-a88e-35801f801d98?source=LinkedIn
2025-02-28 02:06:04,089 - INFO - Clicked 'Apply for this job' button.
2025-02-28 02:06:18,604 - INFO - Uploading resume from: C:\Users\hr\OneDrive\Desktop\LeverAutomation\LEVER\Resumes\Sunil Resume.pdf
2025-02-28 02:06:22,547 - INFO - LinkedIn profile filled successfully.
2025-02-28 02:06:35,532 - WARNING - No CAPTCHA found or failed to solve: Message: 
Stacktrace:
	GetHandleVerifier [0x01060B43+25139]
	(No symbol) [0x00FF13F4]
	(No symbol) [0x00ED04E3]
	(No symbol) [0x00F183D7]
	(No symbol) [0x00F1872B]
	(No symbol) [0x00F61002]
	(No symbol) [0x00F3D014]
	(No symbol) [0x00F5E778]
	(No symbol) [0x00F3CDC6]
	(No symbol) [0x00F0BDE9]
	(No symbol) [0x00F0D124]
	GetHandleVerifier [0x01364373+3185251]
	GetHandleVerifier [0x0138291A+3309578]
	GetHandleVerifier [0x0137CF42+3286578]
	GetHandleVerifier [0x010F7AE0+643536]
	(No symbol) [0x00FFA20D]
	(No symbol) [0x00FF70B8]
	(No symbol) [0x00FF7257]
	(No symbol) [0x00FE9E00]
	BaseThreadInitThunk [0x76CD5D49+25]
	RtlInitializeExceptionChain [0x771BCEBB+107]
	RtlGetAppContainerNamedObjectPath [0x771BCE41+561]

2025-02-28 02:06:58,638 - INFO - Processing job link: https://jobs.lever.co/zoox/f61979b0-eb89-43ad-b11b-544b2d46baa8/apply?source=LinkedIn
2025-02-28 02:07:12,490 - WARNING - No 'Apply for this job' button found. Proceeding to the form. Error: Message: 
Stacktrace:
	GetHandleVerifier [0x01060B43+25139]
	(No symbol) [0x00FF13F4]
	(No symbol) [0x00ED04E3]
	(No symbol) [0x00F183D7]
	(No symbol) [0x00F1872B]
	(No symbol) [0x00F61002]
	(No symbol) [0x00F3D014]
	(No symbol) [0x00F5E778]
	(No symbol) [0x00F3CDC6]
	(No symbol) [0x00F0BDE9]
	(No symbol) [0x00F0D124]
	GetHandleVerifier [0x01364373+3185251]
	GetHandleVerifier [0x0138291A+3309578]
	GetHandleVerifier [0x0137CF42+3286578]
	GetHandleVerifier [0x010F7AE0+643536]
	(No symbol) [0x00FFA20D]
	(No symbol) [0x00FF70B8]
	(No symbol) [0x00FF7257]
	(No symbol) [0x00FE9E00]
	BaseThreadInitThunk [0x76CD5D49+25]
	RtlInitializeExceptionChain [0x771BCEBB+107]
	RtlGetAppContainerNamedObjectPath [0x771BCE41+561]

2025-02-28 02:11:14,237 - INFO - Read question: Are you open to a hybrid schedule, based in the SF Bay Area? with answer: Yes
2025-02-28 02:11:14,237 - INFO - Read question: Are you authorized to work in the United States? with answer: No
2025-02-28 02:11:14,237 - INFO - Read question: Describe your experience with Python and which libraries you use during your day to day with answer: I have 6 months of experience with Python. I frequently use libraries like Pandas, NumPy, and Matplotlib for data analysis and visualization.
2025-02-28 02:11:14,237 - INFO - Read question: Describe your experience with Azure and which features you have worked with professionally with answer: I have 4 years of experience working with Microsoft Azure. I have extensively used Azure Virtual Machines, Azure Storage, Azure SQL Database, and Azure Kubernetes Service (AKS). I have also worked with Azure DevOps for CI/CD pipelines and Azure Monitor for logging and monitoring.
2025-02-28 02:11:14,237 - INFO - Read question: Describe your experience with OOP best practices with answer: I have extensive experience with Object-Oriented Programming (OOP) best practices. I follow principles such as SOLID (Single Responsibility, Open/Closed, Liskov Substitution, Interface Segregation, and Dependency Inversion) to write clean, maintainable, and scalable code. I also use design patterns like Singleton, Factory, and Observer to solve common problems. Additionally, I ensure proper encapsulation, inheritance, and polymorphism in my code to improve reusability and readability.
2025-02-28 02:11:14,237 - INFO - Read question: Please let us know which state you reside in. with answer: California 
2025-02-28 02:11:14,237 - INFO - Read question: Required sponsorship for employment visa status with answer: No
2025-02-28 02:11:14,237 - INFO - Read question: By submitting your application you agree to the handling of your personal data as described in the applicant privacy notice: https://woven.toyota/en/applicant-privacy-notice with answer: I acknowledge
2025-02-28 02:11:14,237 - INFO - Read question: What gender do you identify as? with answer: Male
2025-02-28 02:11:14,237 - INFO - Read question: Do you consider yourself a member of the Lesbian, Gay, Bisexual and/or Transgender, Queer and Questioning (LGBTQ) community? with answer: No
2025-02-28 02:11:14,237 - INFO - Read question: Do you identify as a Protected Veteran defined as one of the following: Disabled veteran; Recently separated veteran; Active wartime or campaign badge veteran; Armed Forces service medal veteran? with answer: I decline to answer
2025-02-28 02:11:14,237 - INFO - Read question: Woven by Toyota conducts a thorough pre-employment background check as a condition of employment. This check may include verification of your education, employment history, criminal history, and any other relevant information. If you accept an offer of employment, you consent to this background check and acknowledge that any employment offer is contingent upon satisfactory results with answer: I acknowledge
2025-02-28 02:11:14,237 - INFO - Read question: Please review and acknowledge you read and understood the non-disclosure agreement at the following link: https://woven.toyota/en/careers/nda/ with answer: I acknowledge
2025-02-28 02:11:14,237 - INFO - Read question: Woven by Toyota conducts a thorough pre-employment background check as a condition of employment. This check may include verification of your education, employment history, criminal history, and any other relevant information. If you accept an offer of employment, you consent to this background check and acknowledge that any employment offer is contingent upon satisfactory results. with answer: I acknowledge
2025-02-28 02:11:15,160 - INFO - patching driver executable C:\Users\hr\appdata\roaming\undetected_chromedriver\undetected_chromedriver.exe
2025-02-28 02:11:16,391 - INFO - Processing job link: https://jobs.lever.co/woven-by-toyota/0da237aa-d218-4a5e-9bb1-3e2157c5961a/apply?source=LinkedInhttps://jobs.lever.co/concurrency/b6883eea-f36f-4082-b184-58395b433e0e/apply?source=LinkedIn
2025-02-28 02:11:38,429 - WARNING - No 'Apply for this job' button found. Proceeding to the form. Error: Message: 
Stacktrace:
	GetHandleVerifier [0x00750B43+25139]
	(No symbol) [0x006E13F4]
	(No symbol) [0x005C04E3]
	(No symbol) [0x006083D7]
	(No symbol) [0x0060872B]
	(No symbol) [0x00651002]
	(No symbol) [0x0062D014]
	(No symbol) [0x0064E778]
	(No symbol) [0x0062CDC6]
	(No symbol) [0x005FBDE9]
	(No symbol) [0x005FD124]
	GetHandleVerifier [0x00A54373+3185251]
	GetHandleVerifier [0x00A7291A+3309578]
	GetHandleVerifier [0x00A6CF42+3286578]
	GetHandleVerifier [0x007E7AE0+643536]
	(No symbol) [0x006EA20D]
	(No symbol) [0x006E70B8]
	(No symbol) [0x006E7257]
	(No symbol) [0x006D9E00]
	BaseThreadInitThunk [0x76CD5D49+25]
	RtlInitializeExceptionChain [0x771BCEBB+107]
	RtlGetAppContainerNamedObjectPath [0x771BCE41+561]

2025-02-28 02:11:48,638 - INFO - Uploading resume from: C:\Users\hr\OneDrive\Desktop\LeverAutomation\LEVER\Resumes\Sunil Resume.pdf
2025-02-28 02:11:51,170 - INFO - LinkedIn profile filled successfully.
2025-02-28 02:11:53,255 - INFO - Attempting to answer: Woven by Toyota conducts a thorough pre-employment background check as a condition of employment. This check may include verification of your education, employment history, criminal history, and any other relevant information. If you accept an offer of employment, you consent to this background check and acknowledge that any employment offer is contingent upon satisfactory results. with I acknowledge
2025-02-28 02:11:53,319 - INFO - Checked 'I acknowledge' for question: Woven by Toyota conducts a thorough pre-employment background check as a condition of employment. This check may include verification of your education, employment history, criminal history, and any other relevant information. If you accept an offer of employment, you consent to this background check and acknowledge that any employment offer is contingent upon satisfactory results.
2025-02-28 02:11:53,331 - INFO - Attempting to answer: Please review and acknowledge you read and understood the non-disclosure agreement at the following link: https://woven.toyota/en/careers/nda/ with I acknowledge
2025-02-28 02:11:53,397 - INFO - Checked 'I acknowledge' for question: Please review and acknowledge you read and understood the non-disclosure agreement at the following link: https://woven.toyota/en/careers/nda/
2025-02-28 02:11:53,424 - WARNING - Question not found in answers.csv: I identify my race/ethnicity as
2025-02-28 02:11:53,433 - INFO - Attempting to answer: What gender do you identify as? with Male
2025-02-28 02:11:53,489 - INFO - Selected 'Male' for question: What gender do you identify as?
2025-02-28 02:11:53,506 - INFO - Attempting to answer: Do you consider yourself a member of the Lesbian, Gay, Bisexual and/or Transgender, Queer and Questioning (LGBTQ) community? with No
2025-02-28 02:11:53,560 - INFO - Selected 'No' for question: Do you consider yourself a member of the Lesbian, Gay, Bisexual and/or Transgender, Queer and Questioning (LGBTQ) community?
2025-02-28 02:11:53,560 - INFO - Attempting to answer: Do you identify as a Protected Veteran defined as one of the following: Disabled veteran; Recently separated veteran; Active wartime or campaign badge veteran; Armed Forces service medal veteran? with I decline to answer
2025-02-28 02:11:53,607 - INFO - Selected 'I decline to answer' for question: Do you identify as a Protected Veteran defined as one of the following: Disabled veteran; Recently separated veteran; Active wartime or campaign badge veteran; Armed Forces service medal veteran?
2025-02-28 02:12:04,147 - WARNING - No CAPTCHA found or failed to solve: Message: 
Stacktrace:
	GetHandleVerifier [0x00750B43+25139]
	(No symbol) [0x006E13F4]
	(No symbol) [0x005C04E3]
	(No symbol) [0x006083D7]
	(No symbol) [0x0060872B]
	(No symbol) [0x00651002]
	(No symbol) [0x0062D014]
	(No symbol) [0x0064E778]
	(No symbol) [0x0062CDC6]
	(No symbol) [0x005FBDE9]
	(No symbol) [0x005FD124]
	GetHandleVerifier [0x00A54373+3185251]
	GetHandleVerifier [0x00A7291A+3309578]
	GetHandleVerifier [0x00A6CF42+3286578]
	GetHandleVerifier [0x007E7AE0+643536]
	(No symbol) [0x006EA20D]
	(No symbol) [0x006E70B8]
	(No symbol) [0x006E7257]
	(No symbol) [0x006D9E00]
	BaseThreadInitThunk [0x76CD5D49+25]
	RtlInitializeExceptionChain [0x771BCEBB+107]
	RtlGetAppContainerNamedObjectPath [0x771BCE41+561]

2025-02-28 02:12:23,610 - INFO - Processing job link: https://jobs.lever.co/menlovc/2a6345ea-3b7a-4371-be09-4ce647036233
2025-02-28 02:12:44,993 - INFO - Read question: Are you open to a hybrid schedule, based in the SF Bay Area? with answer: Yes
2025-02-28 02:12:44,993 - INFO - Read question: Are you authorized to work in the United States? with answer: No
2025-02-28 02:12:44,993 - INFO - Read question: Describe your experience with Python and which libraries you use during your day to day with answer: I have 6 months of experience with Python. I frequently use libraries like Pandas, NumPy, and Matplotlib for data analysis and visualization.
2025-02-28 02:12:44,993 - INFO - Read question: Describe your experience with Azure and which features you have worked with professionally with answer: I have 4 years of experience working with Microsoft Azure. I have extensively used Azure Virtual Machines, Azure Storage, Azure SQL Database, and Azure Kubernetes Service (AKS). I have also worked with Azure DevOps for CI/CD pipelines and Azure Monitor for logging and monitoring.
2025-02-28 02:12:44,993 - INFO - Read question: Describe your experience with OOP best practices with answer: I have extensive experience with Object-Oriented Programming (OOP) best practices. I follow principles such as SOLID (Single Responsibility, Open/Closed, Liskov Substitution, Interface Segregation, and Dependency Inversion) to write clean, maintainable, and scalable code. I also use design patterns like Singleton, Factory, and Observer to solve common problems. Additionally, I ensure proper encapsulation, inheritance, and polymorphism in my code to improve reusability and readability.
2025-02-28 02:12:44,993 - INFO - Read question: Please let us know which state you reside in. with answer: California 
2025-02-28 02:12:44,993 - INFO - Read question: Required sponsorship for employment visa status with answer: No
2025-02-28 02:12:44,993 - INFO - Read question: By submitting your application you agree to the handling of your personal data as described in the applicant privacy notice: https://woven.toyota/en/applicant-privacy-notice* with answer: I acknowledge
2025-02-28 02:12:44,993 - INFO - Read question: What gender do you identify as? with answer: Male
2025-02-28 02:12:44,993 - INFO - Read question: Do you consider yourself a member of the Lesbian, Gay, Bisexual and/or Transgender, Queer and Questioning (LGBTQ) community? with answer: No
2025-02-28 02:12:44,993 - INFO - Read question: Do you identify as a Protected Veteran defined as one of the following: Disabled veteran; Recently separated veteran; Active wartime or campaign badge veteran; Armed Forces service medal veteran? with answer: I decline to answer
2025-02-28 02:12:44,993 - INFO - Read question: Woven by Toyota conducts a thorough pre-employment background check as a condition of employment. This check may include verification of your education, employment history, criminal history, and any other relevant information. If you accept an offer of employment, you consent to this background check and acknowledge that any employment offer is contingent upon satisfactory results with answer: I acknowledge
2025-02-28 02:12:44,993 - INFO - Read question: Please review and acknowledge you read and understood the non-disclosure agreement at the following link: https://woven.toyota/en/careers/nda/ with answer: I acknowledge
2025-02-28 02:12:44,993 - INFO - Read question: Woven by Toyota conducts a thorough pre-employment background check as a condition of employment. This check may include verification of your education, employment history, criminal history, and any other relevant information. If you accept an offer of employment, you consent to this background check and acknowledge that any employment offer is contingent upon satisfactory results. with answer: I acknowledge
2025-02-28 02:12:46,020 - INFO - patching driver executable C:\Users\hr\appdata\roaming\undetected_chromedriver\undetected_chromedriver.exe
2025-02-28 02:12:47,210 - INFO - Processing job link: https://jobs.lever.co/woven-by-toyota/0da237aa-d218-4a5e-9bb1-3e2157c5961a/apply?source=LinkedInhttps://jobs.lever.co/concurrency/b6883eea-f36f-4082-b184-58395b433e0e/apply?source=LinkedIn
2025-02-28 02:13:02,842 - WARNING - No 'Apply for this job' button found. Proceeding to the form. Error: Message: 
Stacktrace:
	GetHandleVerifier [0x00B20B43+25139]
	(No symbol) [0x00AB13F4]
	(No symbol) [0x009904E3]
	(No symbol) [0x009D83D7]
	(No symbol) [0x009D872B]
	(No symbol) [0x00A21002]
	(No symbol) [0x009FD014]
	(No symbol) [0x00A1E778]
	(No symbol) [0x009FCDC6]
	(No symbol) [0x009CBDE9]
	(No symbol) [0x009CD124]
	GetHandleVerifier [0x00E24373+3185251]
	GetHandleVerifier [0x00E4291A+3309578]
	GetHandleVerifier [0x00E3CF42+3286578]
	GetHandleVerifier [0x00BB7AE0+643536]
	(No symbol) [0x00ABA20D]
	(No symbol) [0x00AB70B8]
	(No symbol) [0x00AB7257]
	(No symbol) [0x00AA9E00]
	BaseThreadInitThunk [0x76CD5D49+25]
	RtlInitializeExceptionChain [0x771BCEBB+107]
	RtlGetAppContainerNamedObjectPath [0x771BCE41+561]

2025-02-28 02:13:13,206 - INFO - Uploading resume from: C:\Users\hr\OneDrive\Desktop\LeverAutomation\LEVER\Resumes\Sunil Resume.pdf
2025-02-28 02:13:18,460 - INFO - LinkedIn profile filled successfully.
2025-02-28 02:13:21,394 - INFO - Attempting to answer: Woven by Toyota conducts a thorough pre-employment background check as a condition of employment. This check may include verification of your education, employment history, criminal history, and any other relevant information. If you accept an offer of employment, you consent to this background check and acknowledge that any employment offer is contingent upon satisfactory results. with I acknowledge
2025-02-28 02:13:21,469 - INFO - Checked 'I acknowledge' for question: Woven by Toyota conducts a thorough pre-employment background check as a condition of employment. This check may include verification of your education, employment history, criminal history, and any other relevant information. If you accept an offer of employment, you consent to this background check and acknowledge that any employment offer is contingent upon satisfactory results.
2025-02-28 02:13:21,483 - INFO - Attempting to answer: Please review and acknowledge you read and understood the non-disclosure agreement at the following link: https://woven.toyota/en/careers/nda/ with I acknowledge
2025-02-28 02:13:21,526 - INFO - Checked 'I acknowledge' for question: Please review and acknowledge you read and understood the non-disclosure agreement at the following link: https://woven.toyota/en/careers/nda/
2025-02-28 02:13:21,571 - WARNING - Question not found in answers.csv: I identify my race/ethnicity as
2025-02-28 02:13:21,577 - INFO - Attempting to answer: What gender do you identify as? with Male
2025-02-28 02:13:21,658 - INFO - Selected 'Male' for question: What gender do you identify as?
2025-02-28 02:13:21,674 - INFO - Attempting to answer: Do you consider yourself a member of the Lesbian, Gay, Bisexual and/or Transgender, Queer and Questioning (LGBTQ) community? with No
2025-02-28 02:13:21,740 - INFO - Selected 'No' for question: Do you consider yourself a member of the Lesbian, Gay, Bisexual and/or Transgender, Queer and Questioning (LGBTQ) community?
2025-02-28 02:13:21,749 - INFO - Attempting to answer: Do you identify as a Protected Veteran defined as one of the following: Disabled veteran; Recently separated veteran; Active wartime or campaign badge veteran; Armed Forces service medal veteran? with I decline to answer
2025-02-28 02:13:21,804 - INFO - Selected 'I decline to answer' for question: Do you identify as a Protected Veteran defined as one of the following: Disabled veteran; Recently separated veteran; Active wartime or campaign badge veteran; Armed Forces service medal veteran?
2025-02-28 02:13:31,869 - WARNING - No CAPTCHA found or failed to solve: Message: 
Stacktrace:
	GetHandleVerifier [0x00B20B43+25139]
	(No symbol) [0x00AB13F4]
	(No symbol) [0x009904E3]
	(No symbol) [0x009D83D7]
	(No symbol) [0x009D872B]
	(No symbol) [0x00A21002]
	(No symbol) [0x009FD014]
	(No symbol) [0x00A1E778]
	(No symbol) [0x009FCDC6]
	(No symbol) [0x009CBDE9]
	(No symbol) [0x009CD124]
	GetHandleVerifier [0x00E24373+3185251]
	GetHandleVerifier [0x00E4291A+3309578]
	GetHandleVerifier [0x00E3CF42+3286578]
	GetHandleVerifier [0x00BB7AE0+643536]
	(No symbol) [0x00ABA20D]
	(No symbol) [0x00AB70B8]
	(No symbol) [0x00AB7257]
	(No symbol) [0x00AA9E00]
	BaseThreadInitThunk [0x76CD5D49+25]
	RtlInitializeExceptionChain [0x771BCEBB+107]
	RtlGetAppContainerNamedObjectPath [0x771BCE41+561]

2025-02-28 02:35:20,831 - INFO - Read question: Are you open to a hybrid schedule, based in the SF Bay Area? with answer: Yes
2025-02-28 02:35:20,831 - INFO - Read question: Are you authorized to work in the United States? with answer: No
2025-02-28 02:35:20,832 - INFO - Read question: Describe your experience with Python and which libraries you use during your day to day with answer: I have 6 months of experience with Python. I frequently use libraries like Pandas, NumPy, and Matplotlib for data analysis and visualization.
2025-02-28 02:35:20,832 - INFO - Read question: Describe your experience with Azure and which features you have worked with professionally with answer: I have 4 years of experience working with Microsoft Azure. I have extensively used Azure Virtual Machines, Azure Storage, Azure SQL Database, and Azure Kubernetes Service (AKS). I have also worked with Azure DevOps for CI/CD pipelines and Azure Monitor for logging and monitoring.
2025-02-28 02:35:20,832 - INFO - Read question: Describe your experience with OOP best practices with answer: I have extensive experience with Object-Oriented Programming (OOP) best practices. I follow principles such as SOLID (Single Responsibility, Open/Closed, Liskov Substitution, Interface Segregation, and Dependency Inversion) to write clean, maintainable, and scalable code. I also use design patterns like Singleton, Factory, and Observer to solve common problems. Additionally, I ensure proper encapsulation, inheritance, and polymorphism in my code to improve reusability and readability.
2025-02-28 02:35:20,833 - INFO - Read question: Please let us know which state you reside in. with answer: California 
2025-02-28 02:35:20,833 - INFO - Read question: Required sponsorship for employment visa status with answer: No
2025-02-28 02:35:20,833 - INFO - Read question: By submitting your application you agree to the handling of your personal data as described in the applicant privacy notice: https://woven.toyota/en/applicant-privacy-notice* with answer: I acknowledge
2025-02-28 02:35:20,833 - INFO - Read question: What gender do you identify as? with answer: Male
2025-02-28 02:35:20,834 - INFO - Read question: Do you consider yourself a member of the Lesbian, Gay, Bisexual and/or Transgender, Queer and Questioning (LGBTQ) community? with answer: No
2025-02-28 02:35:20,834 - INFO - Read question: Do you identify as a Protected Veteran defined as one of the following: Disabled veteran; Recently separated veteran; Active wartime or campaign badge veteran; Armed Forces service medal veteran? with answer: I decline to answer
2025-02-28 02:35:20,834 - INFO - Read question: Woven by Toyota conducts a thorough pre-employment background check as a condition of employment. This check may include verification of your education, employment history, criminal history, and any other relevant information. If you accept an offer of employment, you consent to this background check and acknowledge that any employment offer is contingent upon satisfactory results with answer: I acknowledge
2025-02-28 02:35:20,834 - INFO - Read question: Please review and acknowledge you read and understood the non-disclosure agreement at the following link: https://woven.toyota/en/careers/nda/ with answer: I acknowledge
2025-02-28 02:35:20,835 - INFO - Read question: Woven by Toyota conducts a thorough pre-employment background check as a condition of employment. This check may include verification of your education, employment history, criminal history, and any other relevant information. If you accept an offer of employment, you consent to this background check and acknowledge that any employment offer is contingent upon satisfactory results. with answer: I acknowledge
2025-02-28 02:35:21,710 - INFO - patching driver executable C:\Users\hr\appdata\roaming\undetected_chromedriver\undetected_chromedriver.exe
2025-02-28 02:35:22,952 - INFO - Processing job link: https://jobs.lever.co/woven-by-toyota/0da237aa-d218-4a5e-9bb1-3e2157c5961a/apply?source=LinkedInhttps://jobs.lever.co/concurrency/b6883eea-f36f-4082-b184-58395b433e0e/apply?source=LinkedIn
2025-02-28 02:35:40,618 - WARNING - No 'Apply for this job' button found. Proceeding to the form. Error: Message: 
Stacktrace:
	GetHandleVerifier [0x01030B43+25139]
	(No symbol) [0x00FC13F4]
	(No symbol) [0x00EA04E3]
	(No symbol) [0x00EE83D7]
	(No symbol) [0x00EE872B]
	(No symbol) [0x00F31002]
	(No symbol) [0x00F0D014]
	(No symbol) [0x00F2E778]
	(No symbol) [0x00F0CDC6]
	(No symbol) [0x00EDBDE9]
	(No symbol) [0x00EDD124]
	GetHandleVerifier [0x01334373+3185251]
	GetHandleVerifier [0x0135291A+3309578]
	GetHandleVerifier [0x0134CF42+3286578]
	GetHandleVerifier [0x010C7AE0+643536]
	(No symbol) [0x00FCA20D]
	(No symbol) [0x00FC70B8]
	(No symbol) [0x00FC7257]
	(No symbol) [0x00FB9E00]
	BaseThreadInitThunk [0x76CD5D49+25]
	RtlInitializeExceptionChain [0x771BCEBB+107]
	RtlGetAppContainerNamedObjectPath [0x771BCE41+561]

2025-02-28 02:35:52,103 - INFO - Uploading resume from: C:\Users\hr\OneDrive\Desktop\LeverAutomation\LEVER\Resumes\Sunil Resume.pdf
2025-02-28 02:35:56,266 - INFO - LinkedIn profile filled successfully.
2025-02-28 02:35:58,355 - INFO - Attempting to answer: Woven by Toyota conducts a thorough pre-employment background check as a condition of employment. This check may include verification of your education, employment history, criminal history, and any other relevant information. If you accept an offer of employment, you consent to this background check and acknowledge that any employment offer is contingent upon satisfactory results. with I acknowledge
2025-02-28 02:35:58,431 - INFO - Checked optional acknowledgment checkbox 'I acknowledge' for question: Woven by Toyota conducts a thorough pre-employment background check as a condition of employment. This check may include verification of your education, employment history, criminal history, and any other relevant information. If you accept an offer of employment, you consent to this background check and acknowledge that any employment offer is contingent upon satisfactory results.
2025-02-28 02:35:58,443 - INFO - Attempting to answer: Please review and acknowledge you read and understood the non-disclosure agreement at the following link: https://woven.toyota/en/careers/nda/ with I acknowledge
2025-02-28 02:35:58,506 - INFO - Checked optional acknowledgment checkbox 'I acknowledge' for question: Please review and acknowledge you read and understood the non-disclosure agreement at the following link: https://woven.toyota/en/careers/nda/
2025-02-28 02:35:58,530 - WARNING - Question not found in answers.csv: I identify my race/ethnicity as
2025-02-28 02:35:58,546 - INFO - Attempting to answer: What gender do you identify as? with Male
2025-02-28 02:35:58,575 - ERROR - Error processing checkbox for question 'What gender do you identify as?': Message: no such element: Unable to locate element: {"method":"xpath","selector":".//input[@type='checkbox']"}
  (Session info: chrome=133.0.6943.127); For documentation on this error, please visit: https://www.selenium.dev/documentation/webdriver/troubleshooting/errors#no-such-element-exception
Stacktrace:
	GetHandleVerifier [0x01030B43+25139]
	(No symbol) [0x00FC13F4]
	(No symbol) [0x00EA04E3]
	(No symbol) [0x00EE83D7]
	(No symbol) [0x00EE872B]
	(No symbol) [0x00EDDA81]
	(No symbol) [0x00F0D014]
	(No symbol) [0x00EDD9A4]
	(No symbol) [0x00F0D244]
	(No symbol) [0x00F2E778]
	(No symbol) [0x00F0CDC6]
	(No symbol) [0x00EDBDE9]
	(No symbol) [0x00EDD124]
	GetHandleVerifier [0x01334373+3185251]
	GetHandleVerifier [0x0135291A+3309578]
	GetHandleVerifier [0x0134CF42+3286578]
	GetHandleVerifier [0x010C7AE0+643536]
	(No symbol) [0x00FCA20D]
	(No symbol) [0x00FC70B8]
	(No symbol) [0x00FC7257]
	(No symbol) [0x00FB9E00]
	BaseThreadInitThunk [0x76CD5D49+25]
	RtlInitializeExceptionChain [0x771BCEBB+107]
	RtlGetAppContainerNamedObjectPath [0x771BCE41+561]

2025-02-28 02:35:58,592 - INFO - Attempting to answer: Do you consider yourself a member of the Lesbian, Gay, Bisexual and/or Transgender, Queer and Questioning (LGBTQ) community? with No
2025-02-28 02:35:58,622 - ERROR - Error processing checkbox for question 'Do you consider yourself a member of the Lesbian, Gay, Bisexual and/or Transgender, Queer and Questioning (LGBTQ) community?': Message: no such element: Unable to locate element: {"method":"xpath","selector":".//input[@type='checkbox']"}
  (Session info: chrome=133.0.6943.127); For documentation on this error, please visit: https://www.selenium.dev/documentation/webdriver/troubleshooting/errors#no-such-element-exception
Stacktrace:
	GetHandleVerifier [0x01030B43+25139]
	(No symbol) [0x00FC13F4]
	(No symbol) [0x00EA04E3]
	(No symbol) [0x00EE83D7]
	(No symbol) [0x00EE872B]
	(No symbol) [0x00EDDA81]
	(No symbol) [0x00F0D014]
	(No symbol) [0x00EDD9A4]
	(No symbol) [0x00F0D244]
	(No symbol) [0x00F2E778]
	(No symbol) [0x00F0CDC6]
	(No symbol) [0x00EDBDE9]
	(No symbol) [0x00EDD124]
	GetHandleVerifier [0x01334373+3185251]
	GetHandleVerifier [0x0135291A+3309578]
	GetHandleVerifier [0x0134CF42+3286578]
	GetHandleVerifier [0x010C7AE0+643536]
	(No symbol) [0x00FCA20D]
	(No symbol) [0x00FC70B8]
	(No symbol) [0x00FC7257]
	(No symbol) [0x00FB9E00]
	BaseThreadInitThunk [0x76CD5D49+25]
	RtlInitializeExceptionChain [0x771BCEBB+107]
	RtlGetAppContainerNamedObjectPath [0x771BCE41+561]

2025-02-28 02:35:58,623 - INFO - Attempting to answer: Do you identify as a Protected Veteran defined as one of the following: Disabled veteran; Recently separated veteran; Active wartime or campaign badge veteran; Armed Forces service medal veteran? with I decline to answer
2025-02-28 02:35:58,657 - ERROR - Error processing checkbox for question 'Do you identify as a Protected Veteran defined as one of the following: Disabled veteran; Recently separated veteran; Active wartime or campaign badge veteran; Armed Forces service medal veteran?': Message: no such element: Unable to locate element: {"method":"xpath","selector":".//input[@type='checkbox']"}
  (Session info: chrome=133.0.6943.127); For documentation on this error, please visit: https://www.selenium.dev/documentation/webdriver/troubleshooting/errors#no-such-element-exception
Stacktrace:
	GetHandleVerifier [0x01030B43+25139]
	(No symbol) [0x00FC13F4]
	(No symbol) [0x00EA04E3]
	(No symbol) [0x00EE83D7]
	(No symbol) [0x00EE872B]
	(No symbol) [0x00EDDA81]
	(No symbol) [0x00F0D014]
	(No symbol) [0x00EDD9A4]
	(No symbol) [0x00F0D244]
	(No symbol) [0x00F2E778]
	(No symbol) [0x00F0CDC6]
	(No symbol) [0x00EDBDE9]
	(No symbol) [0x00EDD124]
	GetHandleVerifier [0x01334373+3185251]
	GetHandleVerifier [0x0135291A+3309578]
	GetHandleVerifier [0x0134CF42+3286578]
	GetHandleVerifier [0x010C7AE0+643536]
	(No symbol) [0x00FCA20D]
	(No symbol) [0x00FC70B8]
	(No symbol) [0x00FC7257]
	(No symbol) [0x00FB9E00]
	BaseThreadInitThunk [0x76CD5D49+25]
	RtlInitializeExceptionChain [0x771BCEBB+107]
	RtlGetAppContainerNamedObjectPath [0x771BCE41+561]

2025-02-28 02:35:58,679 - WARNING - Question not found in answers.csv or already answered: Woven by Toyota conducts a thorough pre-employment background check as a condition of employment. This check may include verification of your education, employment history, criminal history, and any other relevant information. If you accept an offer of employment, you consent to this background check and acknowledge that any employment offer is contingent upon satisfactory results.
2025-02-28 02:35:58,693 - WARNING - Question not found in answers.csv or already answered: Please review and acknowledge you read and understood the non-disclosure agreement at the following link: https://woven.toyota/en/careers/nda/
2025-02-28 02:35:58,709 - WARNING - Question not found in answers.csv or already answered: I identify my race/ethnicity as
2025-02-28 02:35:58,723 - INFO - Attempting to answer: What gender do you identify as? with Male
2025-02-28 02:35:58,773 - INFO - Selected 'Male' for question: What gender do you identify as?
2025-02-28 02:35:58,794 - INFO - Attempting to answer: Do you consider yourself a member of the Lesbian, Gay, Bisexual and/or Transgender, Queer and Questioning (LGBTQ) community? with No
2025-02-28 02:35:58,838 - INFO - Selected 'No' for question: Do you consider yourself a member of the Lesbian, Gay, Bisexual and/or Transgender, Queer and Questioning (LGBTQ) community?
2025-02-28 02:35:58,838 - INFO - Attempting to answer: Do you identify as a Protected Veteran defined as one of the following: Disabled veteran; Recently separated veteran; Active wartime or campaign badge veteran; Armed Forces service medal veteran? with I decline to answer
2025-02-28 02:35:58,890 - INFO - Selected 'I decline to answer' for question: Do you identify as a Protected Veteran defined as one of the following: Disabled veteran; Recently separated veteran; Active wartime or campaign badge veteran; Armed Forces service medal veteran?
2025-02-28 02:36:08,935 - WARNING - No CAPTCHA found or failed to solve: Message: 
Stacktrace:
	GetHandleVerifier [0x01030B43+25139]
	(No symbol) [0x00FC13F4]
	(No symbol) [0x00EA04E3]
	(No symbol) [0x00EE83D7]
	(No symbol) [0x00EE872B]
	(No symbol) [0x00F31002]
	(No symbol) [0x00F0D014]
	(No symbol) [0x00F2E778]
	(No symbol) [0x00F0CDC6]
	(No symbol) [0x00EDBDE9]
	(No symbol) [0x00EDD124]
	GetHandleVerifier [0x01334373+3185251]
	GetHandleVerifier [0x0135291A+3309578]
	GetHandleVerifier [0x0134CF42+3286578]
	GetHandleVerifier [0x010C7AE0+643536]
	(No symbol) [0x00FCA20D]
	(No symbol) [0x00FC70B8]
	(No symbol) [0x00FC7257]
	(No symbol) [0x00FB9E00]
	BaseThreadInitThunk [0x76CD5D49+25]
	RtlInitializeExceptionChain [0x771BCEBB+107]
	RtlGetAppContainerNamedObjectPath [0x771BCE41+561]

2025-02-28 02:36:29,535 - INFO - Processing job link: https://jobs.lever.co/menlovc/2a6345ea-3b7a-4371-be09-4ce647036233
2025-02-28 02:36:45,307 - INFO - Clicked 'Apply for this job' button.
2025-02-28 02:36:59,637 - INFO - Uploading resume from: C:\Users\hr\OneDrive\Desktop\LeverAutomation\LEVER\Resumes\Sunil Resume.pdf
2025-02-28 02:37:04,890 - INFO - LinkedIn profile filled successfully.
2025-02-28 02:37:17,637 - WARNING - No CAPTCHA found or failed to solve: Message: 
Stacktrace:
	GetHandleVerifier [0x01030B43+25139]
	(No symbol) [0x00FC13F4]
	(No symbol) [0x00EA04E3]
	(No symbol) [0x00EE83D7]
	(No symbol) [0x00EE872B]
	(No symbol) [0x00F31002]
	(No symbol) [0x00F0D014]
	(No symbol) [0x00F2E778]
	(No symbol) [0x00F0CDC6]
	(No symbol) [0x00EDBDE9]
	(No symbol) [0x00EDD124]
	GetHandleVerifier [0x01334373+3185251]
	GetHandleVerifier [0x0135291A+3309578]
	GetHandleVerifier [0x0134CF42+3286578]
	GetHandleVerifier [0x010C7AE0+643536]
	(No symbol) [0x00FCA20D]
	(No symbol) [0x00FC70B8]
	(No symbol) [0x00FC7257]
	(No symbol) [0x00FB9E00]
	BaseThreadInitThunk [0x76CD5D49+25]
	RtlInitializeExceptionChain [0x771BCEBB+107]
	RtlGetAppContainerNamedObjectPath [0x771BCE41+561]

2025-02-28 02:37:39,077 - INFO - Processing job link: https://jobs.lever.co/woven-by-toyota/0da237aa-d218-4a5e-9bb1-3e2157c5961a/apply?source=LinkedIn
2025-02-28 02:37:57,456 - WARNING - No 'Apply for this job' button found. Proceeding to the form. Error: Message: 
Stacktrace:
	GetHandleVerifier [0x01030B43+25139]
	(No symbol) [0x00FC13F4]
	(No symbol) [0x00EA04E3]
	(No symbol) [0x00EE83D7]
	(No symbol) [0x00EE872B]
	(No symbol) [0x00F31002]
	(No symbol) [0x00F0D014]
	(No symbol) [0x00F2E778]
	(No symbol) [0x00F0CDC6]
	(No symbol) [0x00EDBDE9]
	(No symbol) [0x00EDD124]
	GetHandleVerifier [0x01334373+3185251]
	GetHandleVerifier [0x0135291A+3309578]
	GetHandleVerifier [0x0134CF42+3286578]
	GetHandleVerifier [0x010C7AE0+643536]
	(No symbol) [0x00FCA20D]
	(No symbol) [0x00FC70B8]
	(No symbol) [0x00FC7257]
	(No symbol) [0x00FB9E00]
	BaseThreadInitThunk [0x76CD5D49+25]
	RtlInitializeExceptionChain [0x771BCEBB+107]
	RtlGetAppContainerNamedObjectPath [0x771BCE41+561]

2025-02-28 02:38:05,369 - INFO - Uploading resume from: C:\Users\hr\OneDrive\Desktop\LeverAutomation\LEVER\Resumes\Sunil Resume.pdf
2025-02-28 02:38:08,776 - INFO - LinkedIn profile filled successfully.
2025-02-28 02:38:11,754 - INFO - Attempting to answer: Woven by Toyota conducts a thorough pre-employment background check as a condition of employment. This check may include verification of your education, employment history, criminal history, and any other relevant information. If you accept an offer of employment, you consent to this background check and acknowledge that any employment offer is contingent upon satisfactory results. with I acknowledge
2025-02-28 02:38:11,814 - INFO - Checked optional acknowledgment checkbox 'I acknowledge' for question: Woven by Toyota conducts a thorough pre-employment background check as a condition of employment. This check may include verification of your education, employment history, criminal history, and any other relevant information. If you accept an offer of employment, you consent to this background check and acknowledge that any employment offer is contingent upon satisfactory results.
2025-02-28 02:38:11,839 - INFO - Attempting to answer: Please review and acknowledge you read and understood the non-disclosure agreement at the following link: https://woven.toyota/en/careers/nda/ with I acknowledge
2025-02-28 02:38:11,906 - INFO - Checked optional acknowledgment checkbox 'I acknowledge' for question: Please review and acknowledge you read and understood the non-disclosure agreement at the following link: https://woven.toyota/en/careers/nda/
2025-02-28 02:38:11,922 - WARNING - Question not found in answers.csv: I identify my race/ethnicity as
2025-02-28 02:38:11,940 - INFO - Attempting to answer: What gender do you identify as? with Male
2025-02-28 02:38:11,975 - ERROR - Error processing checkbox for question 'What gender do you identify as?': Message: no such element: Unable to locate element: {"method":"xpath","selector":".//input[@type='checkbox']"}
  (Session info: chrome=133.0.6943.127); For documentation on this error, please visit: https://www.selenium.dev/documentation/webdriver/troubleshooting/errors#no-such-element-exception
Stacktrace:
	GetHandleVerifier [0x01030B43+25139]
	(No symbol) [0x00FC13F4]
	(No symbol) [0x00EA04E3]
	(No symbol) [0x00EE83D7]
	(No symbol) [0x00EE872B]
	(No symbol) [0x00EDDA81]
	(No symbol) [0x00F0D014]
	(No symbol) [0x00EDD9A4]
	(No symbol) [0x00F0D244]
	(No symbol) [0x00F2E778]
	(No symbol) [0x00F0CDC6]
	(No symbol) [0x00EDBDE9]
	(No symbol) [0x00EDD124]
	GetHandleVerifier [0x01334373+3185251]
	GetHandleVerifier [0x0135291A+3309578]
	GetHandleVerifier [0x0134CF42+3286578]
	GetHandleVerifier [0x010C7AE0+643536]
	(No symbol) [0x00FCA20D]
	(No symbol) [0x00FC70B8]
	(No symbol) [0x00FC7257]
	(No symbol) [0x00FB9E00]
	BaseThreadInitThunk [0x76CD5D49+25]
	RtlInitializeExceptionChain [0x771BCEBB+107]
	RtlGetAppContainerNamedObjectPath [0x771BCE41+561]

2025-02-28 02:38:11,984 - INFO - Attempting to answer: Do you consider yourself a member of the Lesbian, Gay, Bisexual and/or Transgender, Queer and Questioning (LGBTQ) community? with No
2025-02-28 02:38:12,006 - ERROR - Error processing checkbox for question 'Do you consider yourself a member of the Lesbian, Gay, Bisexual and/or Transgender, Queer and Questioning (LGBTQ) community?': Message: no such element: Unable to locate element: {"method":"xpath","selector":".//input[@type='checkbox']"}
  (Session info: chrome=133.0.6943.127); For documentation on this error, please visit: https://www.selenium.dev/documentation/webdriver/troubleshooting/errors#no-such-element-exception
Stacktrace:
	GetHandleVerifier [0x01030B43+25139]
	(No symbol) [0x00FC13F4]
	(No symbol) [0x00EA04E3]
	(No symbol) [0x00EE83D7]
	(No symbol) [0x00EE872B]
	(No symbol) [0x00EDDA81]
	(No symbol) [0x00F0D014]
	(No symbol) [0x00EDD9A4]
	(No symbol) [0x00F0D244]
	(No symbol) [0x00F2E778]
	(No symbol) [0x00F0CDC6]
	(No symbol) [0x00EDBDE9]
	(No symbol) [0x00EDD124]
	GetHandleVerifier [0x01334373+3185251]
	GetHandleVerifier [0x0135291A+3309578]
	GetHandleVerifier [0x0134CF42+3286578]
	GetHandleVerifier [0x010C7AE0+643536]
	(No symbol) [0x00FCA20D]
	(No symbol) [0x00FC70B8]
	(No symbol) [0x00FC7257]
	(No symbol) [0x00FB9E00]
	BaseThreadInitThunk [0x76CD5D49+25]
	RtlInitializeExceptionChain [0x771BCEBB+107]
	RtlGetAppContainerNamedObjectPath [0x771BCE41+561]

2025-02-28 02:38:12,022 - INFO - Attempting to answer: Do you identify as a Protected Veteran defined as one of the following: Disabled veteran; Recently separated veteran; Active wartime or campaign badge veteran; Armed Forces service medal veteran? with I decline to answer
2025-02-28 02:38:12,046 - ERROR - Error processing checkbox for question 'Do you identify as a Protected Veteran defined as one of the following: Disabled veteran; Recently separated veteran; Active wartime or campaign badge veteran; Armed Forces service medal veteran?': Message: no such element: Unable to locate element: {"method":"xpath","selector":".//input[@type='checkbox']"}
  (Session info: chrome=133.0.6943.127); For documentation on this error, please visit: https://www.selenium.dev/documentation/webdriver/troubleshooting/errors#no-such-element-exception
Stacktrace:
	GetHandleVerifier [0x01030B43+25139]
	(No symbol) [0x00FC13F4]
	(No symbol) [0x00EA04E3]
	(No symbol) [0x00EE83D7]
	(No symbol) [0x00EE872B]
	(No symbol) [0x00EDDA81]
	(No symbol) [0x00F0D014]
	(No symbol) [0x00EDD9A4]
	(No symbol) [0x00F0D244]
	(No symbol) [0x00F2E778]
	(No symbol) [0x00F0CDC6]
	(No symbol) [0x00EDBDE9]
	(No symbol) [0x00EDD124]
	GetHandleVerifier [0x01334373+3185251]
	GetHandleVerifier [0x0135291A+3309578]
	GetHandleVerifier [0x0134CF42+3286578]
	GetHandleVerifier [0x010C7AE0+643536]
	(No symbol) [0x00FCA20D]
	(No symbol) [0x00FC70B8]
	(No symbol) [0x00FC7257]
	(No symbol) [0x00FB9E00]
	BaseThreadInitThunk [0x76CD5D49+25]
	RtlInitializeExceptionChain [0x771BCEBB+107]
	RtlGetAppContainerNamedObjectPath [0x771BCE41+561]

2025-02-28 02:38:12,070 - WARNING - Question not found in answers.csv or already answered: Woven by Toyota conducts a thorough pre-employment background check as a condition of employment. This check may include verification of your education, employment history, criminal history, and any other relevant information. If you accept an offer of employment, you consent to this background check and acknowledge that any employment offer is contingent upon satisfactory results.
2025-02-28 02:38:12,077 - WARNING - Question not found in answers.csv or already answered: Please review and acknowledge you read and understood the non-disclosure agreement at the following link: https://woven.toyota/en/careers/nda/
2025-02-28 02:38:12,098 - WARNING - Question not found in answers.csv or already answered: I identify my race/ethnicity as
2025-02-28 02:38:12,112 - INFO - Attempting to answer: What gender do you identify as? with Male
2025-02-28 02:38:12,156 - INFO - Selected 'Male' for question: What gender do you identify as?
2025-02-28 02:38:12,175 - INFO - Attempting to answer: Do you consider yourself a member of the Lesbian, Gay, Bisexual and/or Transgender, Queer and Questioning (LGBTQ) community? with No
2025-02-28 02:38:12,218 - INFO - Selected 'No' for question: Do you consider yourself a member of the Lesbian, Gay, Bisexual and/or Transgender, Queer and Questioning (LGBTQ) community?
2025-02-28 02:38:12,222 - INFO - Attempting to answer: Do you identify as a Protected Veteran defined as one of the following: Disabled veteran; Recently separated veteran; Active wartime or campaign badge veteran; Armed Forces service medal veteran? with I decline to answer
2025-02-28 02:38:12,260 - INFO - Selected 'I decline to answer' for question: Do you identify as a Protected Veteran defined as one of the following: Disabled veteran; Recently separated veteran; Active wartime or campaign badge veteran; Armed Forces service medal veteran?
2025-02-28 02:38:22,396 - WARNING - No CAPTCHA found or failed to solve: Message: 
Stacktrace:
	GetHandleVerifier [0x01030B43+25139]
	(No symbol) [0x00FC13F4]
	(No symbol) [0x00EA04E3]
	(No symbol) [0x00EE83D7]
	(No symbol) [0x00EE872B]
	(No symbol) [0x00F31002]
	(No symbol) [0x00F0D014]
	(No symbol) [0x00F2E778]
	(No symbol) [0x00F0CDC6]
	(No symbol) [0x00EDBDE9]
	(No symbol) [0x00EDD124]
	GetHandleVerifier [0x01334373+3185251]
	GetHandleVerifier [0x0135291A+3309578]
	GetHandleVerifier [0x0134CF42+3286578]
	GetHandleVerifier [0x010C7AE0+643536]
	(No symbol) [0x00FCA20D]
	(No symbol) [0x00FC70B8]
	(No symbol) [0x00FC7257]
	(No symbol) [0x00FB9E00]
	BaseThreadInitThunk [0x76CD5D49+25]
	RtlInitializeExceptionChain [0x771BCEBB+107]
	RtlGetAppContainerNamedObjectPath [0x771BCE41+561]

2025-02-28 02:38:42,368 - INFO - Processing job link: https://jobs.lever.co/concurrency/b6883eea-f36f-4082-b184-58395b433e0e/apply?source=LinkedIn
2025-02-28 02:38:58,743 - WARNING - No 'Apply for this job' button found. Proceeding to the form. Error: Message: 
Stacktrace:
	GetHandleVerifier [0x01030B43+25139]
	(No symbol) [0x00FC13F4]
	(No symbol) [0x00EA04E3]
	(No symbol) [0x00EE83D7]
	(No symbol) [0x00EE872B]
	(No symbol) [0x00F31002]
	(No symbol) [0x00F0D014]
	(No symbol) [0x00F2E778]
	(No symbol) [0x00F0CDC6]
	(No symbol) [0x00EDBDE9]
	(No symbol) [0x00EDD124]
	GetHandleVerifier [0x01334373+3185251]
	GetHandleVerifier [0x0135291A+3309578]
	GetHandleVerifier [0x0134CF42+3286578]
	GetHandleVerifier [0x010C7AE0+643536]
	(No symbol) [0x00FCA20D]
	(No symbol) [0x00FC70B8]
	(No symbol) [0x00FC7257]
	(No symbol) [0x00FB9E00]
	BaseThreadInitThunk [0x76CD5D49+25]
	RtlInitializeExceptionChain [0x771BCEBB+107]
	RtlGetAppContainerNamedObjectPath [0x771BCE41+561]

2025-02-28 02:39:11,270 - INFO - Uploading resume from: C:\Users\hr\OneDrive\Desktop\LeverAutomation\LEVER\Resumes\Sunil Resume.pdf
2025-02-28 02:39:14,753 - INFO - LinkedIn profile filled successfully.
2025-02-28 02:39:27,678 - WARNING - No CAPTCHA found or failed to solve: Message: 
Stacktrace:
	GetHandleVerifier [0x01030B43+25139]
	(No symbol) [0x00FC13F4]
	(No symbol) [0x00EA04E3]
	(No symbol) [0x00EE83D7]
	(No symbol) [0x00EE872B]
	(No symbol) [0x00F31002]
	(No symbol) [0x00F0D014]
	(No symbol) [0x00F2E778]
	(No symbol) [0x00F0CDC6]
	(No symbol) [0x00EDBDE9]
	(No symbol) [0x00EDD124]
	GetHandleVerifier [0x01334373+3185251]
	GetHandleVerifier [0x0135291A+3309578]
	GetHandleVerifier [0x0134CF42+3286578]
	GetHandleVerifier [0x010C7AE0+643536]
	(No symbol) [0x00FCA20D]
	(No symbol) [0x00FC70B8]
	(No symbol) [0x00FC7257]
	(No symbol) [0x00FB9E00]
	BaseThreadInitThunk [0x76CD5D49+25]
	RtlInitializeExceptionChain [0x771BCEBB+107]
	RtlGetAppContainerNamedObjectPath [0x771BCE41+561]

2025-02-28 02:39:47,225 - INFO - Processing job link: https://jobs.lever.co/Federato/7ca318a4-1da1-4f79-ad80-7e65b51aa11b/apply?source=LinkedIn
2025-02-28 02:42:44,780 - INFO - Read question: Are you open to a hybrid schedule, based in the SF Bay Area? with answer: Yes
2025-02-28 02:42:44,780 - INFO - Read question: Are you authorized to work in the United States? with answer: No
2025-02-28 02:42:44,780 - INFO - Read question: Describe your experience with Python and which libraries you use during your day to day with answer: I have 6 months of experience with Python. I frequently use libraries like Pandas, NumPy, and Matplotlib for data analysis and visualization.
2025-02-28 02:42:44,780 - INFO - Read question: Describe your experience with Azure and which features you have worked with professionally with answer: I have 4 years of experience working with Microsoft Azure. I have extensively used Azure Virtual Machines, Azure Storage, Azure SQL Database, and Azure Kubernetes Service (AKS). I have also worked with Azure DevOps for CI/CD pipelines and Azure Monitor for logging and monitoring.
2025-02-28 02:42:44,780 - INFO - Read question: Describe your experience with OOP best practices with answer: I have extensive experience with Object-Oriented Programming (OOP) best practices. I follow principles such as SOLID (Single Responsibility, Open/Closed, Liskov Substitution, Interface Segregation, and Dependency Inversion) to write clean, maintainable, and scalable code. I also use design patterns like Singleton, Factory, and Observer to solve common problems. Additionally, I ensure proper encapsulation, inheritance, and polymorphism in my code to improve reusability and readability.
2025-02-28 02:42:44,780 - INFO - Read question: Please let us know which state you reside in. with answer: California 
2025-02-28 02:42:44,780 - INFO - Read question: Required sponsorship for employment visa status with answer: No
2025-02-28 02:42:44,780 - INFO - Read question: By submitting your application you agree to the handling of your personal data as described in the applicant privacy notice: https://woven.toyota/en/applicant-privacy-notice* with answer: I acknowledge
2025-02-28 02:42:44,780 - INFO - Read question: What gender do you identify as? with answer: Male
2025-02-28 02:42:44,780 - INFO - Read question: Do you consider yourself a member of the Lesbian, Gay, Bisexual and/or Transgender, Queer and Questioning (LGBTQ) community? with answer: No
2025-02-28 02:42:44,780 - INFO - Read question: Do you identify as a Protected Veteran defined as one of the following: Disabled veteran; Recently separated veteran; Active wartime or campaign badge veteran; Armed Forces service medal veteran? with answer: I decline to answer
2025-02-28 02:42:44,780 - INFO - Read question: Woven by Toyota conducts a thorough pre-employment background check as a condition of employment. This check may include verification of your education, employment history, criminal history, and any other relevant information. If you accept an offer of employment, you consent to this background check and acknowledge that any employment offer is contingent upon satisfactory results with answer: I acknowledge
2025-02-28 02:42:44,780 - INFO - Read question: Please review and acknowledge you read and understood the non-disclosure agreement at the following link: https://woven.toyota/en/careers/nda/ with answer: I acknowledge
2025-02-28 02:42:44,780 - INFO - Read question: Woven by Toyota conducts a thorough pre-employment background check as a condition of employment. This check may include verification of your education, employment history, criminal history, and any other relevant information. If you accept an offer of employment, you consent to this background check and acknowledge that any employment offer is contingent upon satisfactory results. with answer: I acknowledge
2025-02-28 02:42:45,899 - INFO - patching driver executable C:\Users\hr\appdata\roaming\undetected_chromedriver\undetected_chromedriver.exe
2025-02-28 02:42:47,101 - INFO - Processing job link: https://jobs.lever.co/woven-by-toyota/0da237aa-d218-4a5e-9bb1-3e2157c5961a/apply?source=LinkedInhttps://jobs.lever.co/concurrency/b6883eea-f36f-4082-b184-58395b433e0e/apply?source=LinkedIn
2025-02-28 02:43:07,522 - WARNING - No 'Apply for this job' button found. Proceeding to the form. Error: Message: 
Stacktrace:
	GetHandleVerifier [0x002E0B43+25139]
	(No symbol) [0x002713F4]
	(No symbol) [0x001504E3]
	(No symbol) [0x001983D7]
	(No symbol) [0x0019872B]
	(No symbol) [0x001E1002]
	(No symbol) [0x001BD014]
	(No symbol) [0x001DE778]
	(No symbol) [0x001BCDC6]
	(No symbol) [0x0018BDE9]
	(No symbol) [0x0018D124]
	GetHandleVerifier [0x005E4373+3185251]
	GetHandleVerifier [0x0060291A+3309578]
	GetHandleVerifier [0x005FCF42+3286578]
	GetHandleVerifier [0x00377AE0+643536]
	(No symbol) [0x0027A20D]
	(No symbol) [0x002770B8]
	(No symbol) [0x00277257]
	(No symbol) [0x00269E00]
	BaseThreadInitThunk [0x76CD5D49+25]
	RtlInitializeExceptionChain [0x771BCEBB+107]
	RtlGetAppContainerNamedObjectPath [0x771BCE41+561]
	(No symbol) [0x00000000]

2025-02-28 02:43:17,240 - INFO - Uploading resume from: C:\Users\hr\OneDrive\Desktop\LeverAutomation\LEVER\Resumes\Sunil Resume.pdf
2025-02-28 02:43:21,525 - INFO - LinkedIn profile filled successfully.
2025-02-28 02:43:23,608 - INFO - Attempting to answer: Woven by Toyota conducts a thorough pre-employment background check as a condition of employment. This check may include verification of your education, employment history, criminal history, and any other relevant information. If you accept an offer of employment, you consent to this background check and acknowledge that any employment offer is contingent upon satisfactory results. with I acknowledge
2025-02-28 02:43:23,675 - INFO - Checked 'I acknowledge' for question: Woven by Toyota conducts a thorough pre-employment background check as a condition of employment. This check may include verification of your education, employment history, criminal history, and any other relevant information. If you accept an offer of employment, you consent to this background check and acknowledge that any employment offer is contingent upon satisfactory results.
2025-02-28 02:43:23,685 - INFO - Attempting to answer: Please review and acknowledge you read and understood the non-disclosure agreement at the following link: https://woven.toyota/en/careers/nda/ with I acknowledge
2025-02-28 02:43:23,734 - INFO - Checked 'I acknowledge' for question: Please review and acknowledge you read and understood the non-disclosure agreement at the following link: https://woven.toyota/en/careers/nda/
2025-02-28 02:43:23,764 - WARNING - Question not found in answers.csv: I identify my race/ethnicity as
2025-02-28 02:43:23,776 - INFO - Attempting to answer: What gender do you identify as? with Male
2025-02-28 02:43:23,840 - INFO - Selected 'Male' for question: What gender do you identify as?
2025-02-28 02:43:23,840 - INFO - Attempting to answer: Do you consider yourself a member of the Lesbian, Gay, Bisexual and/or Transgender, Queer and Questioning (LGBTQ) community? with No
2025-02-28 02:43:23,908 - INFO - Selected 'No' for question: Do you consider yourself a member of the Lesbian, Gay, Bisexual and/or Transgender, Queer and Questioning (LGBTQ) community?
2025-02-28 02:43:23,919 - INFO - Attempting to answer: Do you identify as a Protected Veteran defined as one of the following: Disabled veteran; Recently separated veteran; Active wartime or campaign badge veteran; Armed Forces service medal veteran? with I decline to answer
2025-02-28 02:43:23,954 - INFO - Selected 'I decline to answer' for question: Do you identify as a Protected Veteran defined as one of the following: Disabled veteran; Recently separated veteran; Active wartime or campaign badge veteran; Armed Forces service medal veteran?
2025-02-28 02:43:34,102 - WARNING - No CAPTCHA found or failed to solve: Message: 
Stacktrace:
	GetHandleVerifier [0x002E0B43+25139]
	(No symbol) [0x002713F4]
	(No symbol) [0x001504E3]
	(No symbol) [0x001983D7]
	(No symbol) [0x0019872B]
	(No symbol) [0x001E1002]
	(No symbol) [0x001BD014]
	(No symbol) [0x001DE778]
	(No symbol) [0x001BCDC6]
	(No symbol) [0x0018BDE9]
	(No symbol) [0x0018D124]
	GetHandleVerifier [0x005E4373+3185251]
	GetHandleVerifier [0x0060291A+3309578]
	GetHandleVerifier [0x005FCF42+3286578]
	GetHandleVerifier [0x00377AE0+643536]
	(No symbol) [0x0027A20D]
	(No symbol) [0x002770B8]
	(No symbol) [0x00277257]
	(No symbol) [0x00269E00]
	BaseThreadInitThunk [0x76CD5D49+25]
	RtlInitializeExceptionChain [0x771BCEBB+107]
	RtlGetAppContainerNamedObjectPath [0x771BCE41+561]
	(No symbol) [0x00000000]

2025-02-28 02:43:55,552 - INFO - Processing job link: https://jobs.lever.co/menlovc/2a6345ea-3b7a-4371-be09-4ce647036233
2025-02-28 02:44:13,996 - WARNING - No 'Apply for this job' button found. Proceeding to the form. Error: Message: element click intercepted: Element <a class="postings-btn template-btn-submit golden-poppy" href="https://jobs.lever.co/menlovc/2a6345ea-3b7a-4371-be09-4ce647036233/apply">...</a> is not clickable at point (1072, 20). Other element would receive the click: <div class="main-header-content page-centered narrow-section page-full-width"></div>
  (Session info: chrome=133.0.6943.127)
Stacktrace:
	GetHandleVerifier [0x002E0B43+25139]
	(No symbol) [0x002713F4]
	(No symbol) [0x001504E3]
	(No symbol) [0x0019E650]
	(No symbol) [0x0019CA14]
	(No symbol) [0x0019A5A7]
	(No symbol) [0x00199874]
	(No symbol) [0x0018DF15]
	(No symbol) [0x001BCFCC]
	(No symbol) [0x0018D9A4]
	(No symbol) [0x001BD244]
	(No symbol) [0x001DE778]
	(No symbol) [0x001BCDC6]
	(No symbol) [0x0018BDE9]
	(No symbol) [0x0018D124]
	GetHandleVerifier [0x005E4373+3185251]
	GetHandleVerifier [0x0060291A+3309578]
	GetHandleVerifier [0x005FCF42+3286578]
	GetHandleVerifier [0x00377AE0+643536]
	(No symbol) [0x0027A20D]
	(No symbol) [0x002770B8]
	(No symbol) [0x00277257]
	(No symbol) [0x00269E00]
	BaseThreadInitThunk [0x76CD5D49+25]
	RtlInitializeExceptionChain [0x771BCEBB+107]
	RtlGetAppContainerNamedObjectPath [0x771BCE41+561]
	(No symbol) [0x00000000]

2025-02-28 02:44:24,397 - ERROR - Error for https://jobs.lever.co/menlovc/2a6345ea-3b7a-4371-be09-4ce647036233: Message: 
Stacktrace:
	GetHandleVerifier [0x002E0B43+25139]
	(No symbol) [0x002713F4]
	(No symbol) [0x001504E3]
	(No symbol) [0x001983D7]
	(No symbol) [0x0019872B]
	(No symbol) [0x001E1002]
	(No symbol) [0x001BD014]
	(No symbol) [0x001DE778]
	(No symbol) [0x001BCDC6]
	(No symbol) [0x0018BDE9]
	(No symbol) [0x0018D124]
	GetHandleVerifier [0x005E4373+3185251]
	GetHandleVerifier [0x0060291A+3309578]
	GetHandleVerifier [0x005FCF42+3286578]
	GetHandleVerifier [0x00377AE0+643536]
	(No symbol) [0x0027A20D]
	(No symbol) [0x002770B8]
	(No symbol) [0x00277257]
	(No symbol) [0x00269E00]
	BaseThreadInitThunk [0x76CD5D49+25]
	RtlInitializeExceptionChain [0x771BCEBB+107]
	RtlGetAppContainerNamedObjectPath [0x771BCE41+561]
	(No symbol) [0x00000000]

2025-02-28 02:44:24,397 - INFO - Retrying... (1/3)
2025-02-28 02:44:35,096 - INFO - Processing job link: https://jobs.lever.co/menlovc/2a6345ea-3b7a-4371-be09-4ce647036233
2025-02-28 02:44:51,086 - INFO - Clicked 'Apply for this job' button.
2025-02-28 02:45:07,237 - INFO - Uploading resume from: C:\Users\hr\OneDrive\Desktop\LeverAutomation\LEVER\Resumes\Sunil Resume.pdf
2025-02-28 02:45:10,675 - INFO - LinkedIn profile filled successfully.
2025-02-28 02:45:23,658 - WARNING - No CAPTCHA found or failed to solve: Message: 
Stacktrace:
	GetHandleVerifier [0x002E0B43+25139]
	(No symbol) [0x002713F4]
	(No symbol) [0x001504E3]
	(No symbol) [0x001983D7]
	(No symbol) [0x0019872B]
	(No symbol) [0x001E1002]
	(No symbol) [0x001BD014]
	(No symbol) [0x001DE778]
	(No symbol) [0x001BCDC6]
	(No symbol) [0x0018BDE9]
	(No symbol) [0x0018D124]
	GetHandleVerifier [0x005E4373+3185251]
	GetHandleVerifier [0x0060291A+3309578]
	GetHandleVerifier [0x005FCF42+3286578]
	GetHandleVerifier [0x00377AE0+643536]
	(No symbol) [0x0027A20D]
	(No symbol) [0x002770B8]
	(No symbol) [0x00277257]
	(No symbol) [0x00269E00]
	BaseThreadInitThunk [0x76CD5D49+25]
	RtlInitializeExceptionChain [0x771BCEBB+107]
	RtlGetAppContainerNamedObjectPath [0x771BCE41+561]
	(No symbol) [0x00000000]

2025-02-28 02:45:42,955 - INFO - Processing job link: https://jobs.lever.co/woven-by-toyota/0da237aa-d218-4a5e-9bb1-3e2157c5961a/apply?source=LinkedIn
2025-02-28 02:59:50,149 - INFO - Read question: Are you open to a hybrid schedule, based in the SF Bay Area? with answer: Yes
2025-02-28 02:59:50,149 - INFO - Read question: Are you authorized to work in the United States? with answer: No
2025-02-28 02:59:50,149 - INFO - Read question: Describe your experience with Python and which libraries you use during your day to day with answer: I have 6 months of experience with Python. I frequently use libraries like Pandas, NumPy, and Matplotlib for data analysis and visualization.
2025-02-28 02:59:50,149 - INFO - Read question: Describe your experience with Azure and which features you have worked with professionally with answer: I have 4 years of experience working with Microsoft Azure. I have extensively used Azure Virtual Machines, Azure Storage, Azure SQL Database, and Azure Kubernetes Service (AKS). I have also worked with Azure DevOps for CI/CD pipelines and Azure Monitor for logging and monitoring.
2025-02-28 02:59:50,149 - INFO - Read question: Describe your experience with OOP best practices with answer: I have extensive experience with Object-Oriented Programming (OOP) best practices. I follow principles such as SOLID (Single Responsibility, Open/Closed, Liskov Substitution, Interface Segregation, and Dependency Inversion) to write clean, maintainable, and scalable code. I also use design patterns like Singleton, Factory, and Observer to solve common problems. Additionally, I ensure proper encapsulation, inheritance, and polymorphism in my code to improve reusability and readability.
2025-02-28 02:59:50,149 - INFO - Read question: Please let us know which state you reside in. with answer: California 
2025-02-28 02:59:50,149 - INFO - Read question: Required sponsorship for employment visa status with answer: No
2025-02-28 02:59:50,149 - INFO - Read question: By submitting your application you agree to the handling of your personal data as described in the applicant privacy notice: https://woven.toyota/en/applicant-privacy-notice* with answer: I acknowledge
2025-02-28 02:59:50,149 - INFO - Read question: What gender do you identify as? with answer: Male
2025-02-28 02:59:50,149 - INFO - Read question: Do you consider yourself a member of the Lesbian, Gay, Bisexual and/or Transgender, Queer and Questioning (LGBTQ) community? with answer: No
2025-02-28 02:59:50,149 - INFO - Read question: Do you identify as a Protected Veteran defined as one of the following: Disabled veteran; Recently separated veteran; Active wartime or campaign badge veteran; Armed Forces service medal veteran? with answer: I decline to answer
2025-02-28 02:59:50,149 - INFO - Read question: Woven by Toyota conducts a thorough pre-employment background check as a condition of employment. This check may include verification of your education, employment history, criminal history, and any other relevant information. If you accept an offer of employment, you consent to this background check and acknowledge that any employment offer is contingent upon satisfactory results with answer: I acknowledge
2025-02-28 02:59:50,149 - INFO - Read question: Please review and acknowledge you read and understood the non-disclosure agreement at the following link: https://woven.toyota/en/careers/nda/ with answer: I acknowledge
2025-02-28 02:59:50,149 - INFO - Read question: Woven by Toyota conducts a thorough pre-employment background check as a condition of employment. This check may include verification of your education, employment history, criminal history, and any other relevant information. If you accept an offer of employment, you consent to this background check and acknowledge that any employment offer is contingent upon satisfactory results. with answer: I acknowledge
2025-02-28 02:59:51,003 - INFO - patching driver executable C:\Users\hr\appdata\roaming\undetected_chromedriver\undetected_chromedriver.exe
2025-02-28 02:59:52,207 - INFO - Processing job link: https://jobs.lever.co/woven-by-toyota/0da237aa-d218-4a5e-9bb1-3e2157c5961a/apply?source=LinkedInhttps://jobs.lever.co/concurrency/b6883eea-f36f-4082-b184-58395b433e0e/apply?source=LinkedIn
2025-02-28 03:00:10,486 - WARNING - No 'Apply for this job' button found. Proceeding to the form. Error: Message: 
Stacktrace:
	GetHandleVerifier [0x00320B43+25139]
	(No symbol) [0x002B13F4]
	(No symbol) [0x001904E3]
	(No symbol) [0x001D83D7]
	(No symbol) [0x001D872B]
	(No symbol) [0x00221002]
	(No symbol) [0x001FD014]
	(No symbol) [0x0021E778]
	(No symbol) [0x001FCDC6]
	(No symbol) [0x001CBDE9]
	(No symbol) [0x001CD124]
	GetHandleVerifier [0x00624373+3185251]
	GetHandleVerifier [0x0064291A+3309578]
	GetHandleVerifier [0x0063CF42+3286578]
	GetHandleVerifier [0x003B7AE0+643536]
	(No symbol) [0x002BA20D]
	(No symbol) [0x002B70B8]
	(No symbol) [0x002B7257]
	(No symbol) [0x002A9E00]
	BaseThreadInitThunk [0x76CD5D49+25]
	RtlInitializeExceptionChain [0x771BCEBB+107]
	RtlGetAppContainerNamedObjectPath [0x771BCE41+561]
	(No symbol) [0x00000000]

2025-02-28 03:00:23,735 - INFO - Uploading resume from: C:\Users\hr\OneDrive\Desktop\LeverAutomation\LEVER\Resumes\Sunil Resume.pdf
2025-02-28 03:00:27,343 - INFO - LinkedIn profile filled successfully.
2025-02-28 03:00:29,885 - ERROR - Error for https://jobs.lever.co/woven-by-toyota/0da237aa-d218-4a5e-9bb1-3e2157c5961a/apply?source=LinkedInhttps://jobs.lever.co/concurrency/b6883eea-f36f-4082-b184-58395b433e0e/apply?source=LinkedIn: name 'handle_questions' is not defined
2025-02-28 03:00:29,890 - INFO - Retrying... (1/3)
2025-02-28 03:00:46,550 - INFO - Processing job link: https://jobs.lever.co/woven-by-toyota/0da237aa-d218-4a5e-9bb1-3e2157c5961a/apply?source=LinkedInhttps://jobs.lever.co/concurrency/b6883eea-f36f-4082-b184-58395b433e0e/apply?source=LinkedIn
2025-02-28 03:00:59,458 - WARNING - No 'Apply for this job' button found. Proceeding to the form. Error: Message: 
Stacktrace:
	GetHandleVerifier [0x00320B43+25139]
	(No symbol) [0x002B13F4]
	(No symbol) [0x001904E3]
	(No symbol) [0x001D83D7]
	(No symbol) [0x001D872B]
	(No symbol) [0x00221002]
	(No symbol) [0x001FD014]
	(No symbol) [0x0021E778]
	(No symbol) [0x001FCDC6]
	(No symbol) [0x001CBDE9]
	(No symbol) [0x001CD124]
	GetHandleVerifier [0x00624373+3185251]
	GetHandleVerifier [0x0064291A+3309578]
	GetHandleVerifier [0x0063CF42+3286578]
	GetHandleVerifier [0x003B7AE0+643536]
	(No symbol) [0x002BA20D]
	(No symbol) [0x002B70B8]
	(No symbol) [0x002B7257]
	(No symbol) [0x002A9E00]
	BaseThreadInitThunk [0x76CD5D49+25]
	RtlInitializeExceptionChain [0x771BCEBB+107]
	RtlGetAppContainerNamedObjectPath [0x771BCE41+561]
	(No symbol) [0x00000000]

2025-02-28 03:01:10,385 - INFO - Uploading resume from: C:\Users\hr\OneDrive\Desktop\LeverAutomation\LEVER\Resumes\Sunil Resume.pdf
2025-02-28 03:01:13,025 - INFO - LinkedIn profile filled successfully.
2025-02-28 03:01:15,974 - ERROR - Error for https://jobs.lever.co/woven-by-toyota/0da237aa-d218-4a5e-9bb1-3e2157c5961a/apply?source=LinkedInhttps://jobs.lever.co/concurrency/b6883eea-f36f-4082-b184-58395b433e0e/apply?source=LinkedIn: name 'handle_questions' is not defined
2025-02-28 03:01:15,974 - INFO - Retrying... (2/3)
2025-02-28 03:01:30,903 - INFO - Processing job link: https://jobs.lever.co/woven-by-toyota/0da237aa-d218-4a5e-9bb1-3e2157c5961a/apply?source=LinkedInhttps://jobs.lever.co/concurrency/b6883eea-f36f-4082-b184-58395b433e0e/apply?source=LinkedIn
